name,lat,lng,type,demand,supply
M&S Foodhall,51.53781,-0.1420408,Supermarket,1649.5817306349938,1906.62
Waitrose,51.5163445,-0.1872577,Supermarket,1631.8137067523685,2091.2
Siragro Food & Wine,51.551496,-0.3197216,Supermarket,772.2431284687949,666.16
Co-op Food,51.3651976,-0.1610793,Supermarket,485.25099189164075,472.41
Iceland,51.6066678,0.2184595,Supermarket,245.22544796535252,272.24
Co-op Food,51.5935962,0.2333935,Supermarket,231.4008920240832,202.31
Sainsbury's New Barnet,51.6495733,-0.1714391,Supermarket,631.2032928257947,748.01
Waitrose,51.6559569,-0.2039214,Supermarket,622.5046612986714,623.75
Lidl,51.4252759,-0.04804,Supermarket,529.3684703519141,582.08
Lidl,51.4263195,-0.0262991,Supermarket,533.1095405955834,637.93
Tesco,51.4536317,-0.1462284,Supermarket,773.3957242280519,1030.43
Co-op Food,51.5256052,-0.0905348,Supermarket,768.1707240101806,1001.99
China Ark,51.5203402,-0.0525884,Supermarket,1192.7626641477964,1448.27
Whole Foods Market,51.5622036,-0.0752635,Supermarket,452.4376887017046,533.57
"Drinks, Food And Wine",51.5101799,-0.2871931,Supermarket,767.5688923224585,902.02
Arsenal Mini Mart,51.5538294,-0.111026,Supermarket,758.4303382523478,986.73
Co-op Food,51.5004995,-0.0992896,Supermarket,967.434308824878,1498.85
Waitrose,51.5222888,-0.0921222,Supermarket,753.7467391634004,763.02
Costless Supermarket,51.5251868,-0.1677061,Supermarket,1630.7029450462326,1889.98
Planet Organic,51.5378737,-0.0994848,Supermarket,748.1060948906159,682.15
M&S Foodhall,51.4093252,-0.0253944,Supermarket,608.3686383175083,981.42
Supersave Food & Wine,51.535802,-0.2463002,Supermarket,509.2128549090928,487.05
Pak Discount Cash & Carry,51.5387965,-0.2506357,Supermarket,510.71035750737536,719.46
Lidl,51.5611699,-0.2810103,Supermarket,499.2981724657336,435.71
Sainsbury's,51.4029424,-0.1931919,Supermarket,438.6574797316511,453.47
Thai Smile,51.4932737,-0.2395565,Supermarket,880.5861290981464,1063.47
M&S Foodhall,51.5196423,-0.1336008,Supermarket,1627.6636821299137,1486.78
Budgens,51.5435891,-0.1034635,Supermarket,753.9029749761577,1153.5
Longdan,51.5684253,-0.0246506,Supermarket,282.2871400138704,333.34
Budgens,51.4803248,-0.2125111,Supermarket,908.2356599311177,1493.66
Costcutter,51.4047157,-0.097606,Supermarket,834.244042770229,1052.43
Organic Food Centre,51.5597162,-0.0739597,Supermarket,454.16135342324,388.37
Asda,51.4582491,0.130167,Supermarket,262.3432310713396,225.87
Sushi Daily,51.5170472,-0.1267998,Supermarket,1601.8135453663804,2011.33
Little Waitrose,51.5515632,-0.192598,Supermarket,1622.642135394296,2251.68
Lina Food Centre,51.5328914,0.0059555,Supermarket,626.3661756726874,642.14
Lidl,51.4040111,0.0148911,Supermarket,638.3643509530502,619.7
The Co-operative Food,51.3932665,0.0341609,Supermarket,638.1430601195656,683.35
The Co-operative Food,51.5356791,-0.089194,Supermarket,449.0170600408315,465.1
M&S Simply Food,51.5583267,0.2498087,Supermarket,234.6809517042579,335.29
Green Valley,51.5151994,-0.1622861,Supermarket,1613.3364889495185,2391.8
Waitrose,51.506411,-0.2191224,Supermarket,880.9109541091416,1106.5
Londis,51.558598,0.2374634,Supermarket,227.85833440700497,196.77
Costcutter,51.5987065,-0.1106833,Supermarket,260.7223917700374,290.75
So Real,51.568775,-0.065799,Supermarket,448.1950008273722,597.04
Spar,51.499397,-0.1138056,Supermarket,768.2806004553516,916.84
Kollos Supermarket,51.5634509,-0.0728931,Supermarket,443.20087961696635,528.43
Sainsbury's,51.547484,-0.0732063,Supermarket,456.8449434433854,474.05
Planet Organic,51.515552,-0.1911509,Supermarket,1606.125936611954,1983.3
Waitrose,51.5795019,-0.1239343,Supermarket,249.88427948260983,373.72
Sainsbury's,51.5485855,-0.4747792,Supermarket,966.2774320675264,1117.15
Lidl,51.5868126,-0.0610958,Supermarket,252.88818457784961,275.07
Food Bazaar,51.5392452,-0.0978701,Supermarket,751.0900189812473,768.74
Co-op Food,51.5709672,-0.2949597,Supermarket,496.18360467691,472.94
Co-op Food,51.5000156,-0.3061477,Supermarket,763.4437173141006,1089.49
Sainsbury's,51.5417035,-0.0013384,Supermarket,628.5166129160996,861.53
Mother Earth,51.5463199,-0.1008456,Supermarket,756.1081758699746,1007.43
Greensmiths,51.5009165,-0.112365,Supermarket,774.787848636969,959.81
Waitrose,51.5464243,-0.179645,Supermarket,1618.988774747835,2348.18
Tesco,51.598887,0.1639417,Supermarket,234.38724960929153,349.43
Lidl,51.5032216,-0.2185824,Supermarket,887.9805717304455,801.37
Bumblebee Natural Foods,51.5497897,-0.1304196,Supermarket,1622.4936460811723,1775.45
Sainsbury's,51.4097308,-0.303411,Supermarket,498.6150009853939,542.36
Q Stores,51.6165904,-0.1780135,Supermarket,610.0667384777685,788.14
The 99p shop,51.5611161,-0.0739865,Supermarket,452.81235119985763,585.17
Lidl,51.6504896,-0.0814561,Supermarket,315.46525954590527,325.46
Aldi,51.5765714,-0.0966034,Supermarket,242.78353606552605,174.57
Iceland,51.5635945,-0.3551755,Supermarket,471.7278113020632,425.08
Sainsbury's,51.4059642,-0.030627,Supermarket,621.416491340658,471.69
Amazon Fresh,51.5125242,-0.0848775,Supermarket,36.33888744459925,38.44
The Co-operative Food,51.4062571,-0.0577434,Supermarket,634.3905893610686,674.17
Addis Food and Wine,51.5533382,-0.1046361,Supermarket,756.6511353085288,981.71
Waitrose,51.524152,-0.1027254,Supermarket,765.4338107490529,1067.07
The Co-operative Food,51.4572755,0.0936301,Supermarket,260.55023920723545,313.66
Little Waitrose,51.3587154,-0.2163434,Supermarket,472.647992522803,570.07
M&S Food,51.5651738,-0.1354683,Supermarket,749.5775465464258,1218.22
Nisa Local,51.6522338,-0.0780602,Supermarket,312.82153035065767,399.32
City Road Supermarket,51.5292775,-0.0972154,Supermarket,750.4985675901823,915.87
Iceland,51.5612147,-0.2524224,Supermarket,502.3569460671428,727.79
Planet Organic,51.5118474,-0.3047286,Supermarket,764.1808253234126,929.88
Smart,51.5109354,-0.1869563,Supermarket,1611.8493827586135,1942.61
Empire,51.5100189,-0.28646,Supermarket,771.5622648922757,864.72
International Supermarket,51.5934277,0.0251881,Supermarket,282.4540100195033,350.64
The Source Bulk Foods,51.5785534,-0.1240837,Supermarket,243.25420109191316,268.15
Ealing Supermarket,51.5001176,-0.3066355,Supermarket,776.6957404680478,913.88
Neighbourhood Grocers,51.4991958,-0.3063405,Supermarket,780.2580539107751,791.39
Metro Food Centre,51.5900585,-0.0041542,Supermarket,280.4332495942992,398.56
Whole Foods Market,51.4637582,-0.1666907,Supermarket,1068.6483995325852,1229.92
Waitrose,51.4626128,-0.1677865,Supermarket,1059.4314094780757,1257.85
Sainsbury's,51.3583294,-0.1481762,Supermarket,477.11811084137685,445.72
Bottega Italia,51.5646214,-0.1324714,Supermarket,752.0255364382602,862.9
Aldi,51.5145616,-0.4742683,Supermarket,987.1914206951119,1477.64
Co-op Food,51.4495755,-0.323031,Supermarket,524.5562903737035,690.87
ALDI Local,51.5479103,-0.1809041,Supermarket,1639.5377190562458,1744.72
Chelsea farm,51.4848317,-0.1826036,Supermarket,717.1715807140516,802.04
Lidl,51.5953653,-0.3849345,Supermarket,473.3965952696049,535.65
ALDI,51.5791939,-0.3992629,Supermarket,975.2236857773812,1066.69
Lidl,51.5417094,-0.0010622,Supermarket,639.2500141695109,734.81
Loon Fung,51.5416185,-0.0012258,Supermarket,626.1334325296109,906.56
Tesco Express,51.5963268,-0.2428552,Supermarket,626.874698113504,675.0
Lituanica,51.5164669,0.0627241,Supermarket,640.0191616813737,656.1
Waitrose & Partners,51.4484848,-0.3289565,Supermarket,513.3027105338527,498.74
Lidl,51.580285,-0.3369249,Supermarket,459.86334689965076,498.6
Co-Operative,51.6457017,-0.0814627,Supermarket,323.194251145788,539.98
Village wholefoods,51.5367562,-0.1163324,Supermarket,745.3330672202096,1094.02
Co-op Food,51.5572104,-0.2150974,Supermarket,639.049686017988,857.43
Waitrose,51.4111573,-0.3058558,Supermarket,501.45246064323845,703.37
M&S Simply Food,51.6335411,-0.1252823,Supermarket,313.5167808138109,336.07
Dacha Russian and Eastern European Shop,51.5819338,-0.1586196,Supermarket,260.5829607599972,287.93
Tesco Express,51.6531662,-0.1998182,Supermarket,635.3923181128599,921.11
Village Food Centre,51.6542744,-0.2014021,Supermarket,638.4489870321885,760.88
Waitrose,51.6517074,-0.0841614,Supermarket,322.83715120079546,364.84
Sainsbury's,51.4808003,-0.195038,Supermarket,886.1954273546984,1291.53
Lidl,51.4959114,0.1190726,Supermarket,494.6728780057957,462.4
Co-op Food,51.4873675,0.1137149,Supermarket,479.56047371813304,680.27
M&S Simply Food,51.3925319,-0.3054997,Supermarket,510.0890789939259,651.22
Lidl,51.3604903,-0.3100315,Supermarket,511.11742322171494,542.72
Waitrose,51.5046343,-0.0167335,Supermarket,1182.7929659697986,1402.29
Asda,51.5828635,-0.0247563,Supermarket,277.4759237541987,359.22
Sainsbury's,51.4561921,0.1492248,Supermarket,271.6946055574065,300.79
Nisa,51.4543988,-0.1201641,Supermarket,775.4376860772138,1056.95
Little Waitrose,51.483934,-0.219429,Supermarket,883.943016072789,929.02
Unnamed,51.4990754,-0.0741708,Supermarket,955.7612231836541,1215.45
Lidl,51.4310043,-0.1295659,Supermarket,783.7850759721731,733.23
Costcutter,51.4669777,0.0529398,Supermarket,476.6007800583789,520.81
Waitrose,51.5469392,-0.104305,Supermarket,754.2293581897655,913.47
Lidl,51.4013351,-0.1937558,Supermarket,421.0468863573345,462.25
Istanbul Supermarket,51.5282889,-0.0914943,Supermarket,464.04754758400827,425.05
Tesco Express,51.5852933,-0.2812476,Supermarket,509.3455174573171,729.99
Amazon Fresh,51.5179134,-0.0844427,Supermarket,37.015677211426606,49.93
Oseyo,51.533804,-0.107041,Supermarket,748.8377948807653,801.96
Foodways,51.4791141,-0.1672832,Supermarket,1076.0893661949415,1393.18
Co-op Food,51.5913359,0.0286728,Supermarket,276.42183067696027,274.52
Bengali Fonga Market,51.5271873,-0.0585012,Supermarket,1184.8264241194777,1843.45
St. Marcus,51.4632814,-0.2500213,Supermarket,1063.931189735316,1117.76
The Co-operative Food,51.4791352,-0.1704756,Supermarket,1077.5087477401983,1673.75
Nisa Local,51.5555985,-0.3368802,Supermarket,768.7287901650113,1080.46
Wing Yip,51.5672269,-0.2291356,Supermarket,503.0903895564788,608.96
Lidl,51.527239,-0.350475,Supermarket,767.1506772628683,617.71
Cumberland Food & Wine,51.5140743,-0.1594742,Supermarket,1612.7688156699094,1576.83
Co-op Food,51.544482,-0.373975,Supermarket,750.657995543638,852.06
Co-operative Food,51.5351923,-0.3944342,Supermarket,767.5298158956422,867.22
Tesco,51.5859108,0.082181,Supermarket,280.8719374884976,316.2
Longdan,51.491484,-0.098029,Supermarket,959.048798146317,786.08
Euromax Market,51.5841458,-0.100231,Supermarket,262.88834228256746,423.73
Ari Food Centre,51.6132731,-0.1769398,Supermarket,631.158996476667,778.67
Waitrose,51.4823225,-0.0156614,Supermarket,475.0864344449845,574.17
Londis,51.4275642,-0.167622,Supermarket,1082.067259644787,1005.35
ALDI,51.4287571,-0.1670006,Supermarket,1056.8949043439588,1379.76
Local Express,51.6489462,-0.1291364,Supermarket,315.1281609546319,326.69
Express Supermarket,51.6355831,-0.0522225,Supermarket,317.3453388319277,340.63
Lidl,51.6246547,-0.0597461,Supermarket,327.38769209974873,391.7
The Co-operative Food,51.456844,0.0506202,Supermarket,476.25256064940515,717.96
Budgens,51.5577007,-0.1317226,Supermarket,748.346494676863,1135.1
Co-op Food,51.5488986,0.1992338,Supermarket,235.67156732631963,211.76
Sainsbury's,51.5751744,0.180272,Supermarket,232.92580953535102,282.61
Co-op Food,51.4384069,0.070926,Supermarket,489.2370998365261,624.07
Lidl,51.4604134,-0.005146,Supermarket,522.2570899565857,720.94
Londis,51.5291262,-0.1445504,Supermarket,1612.443228824998,1940.7
Neel's news,51.5283956,-0.1436484,Supermarket,1621.4952968385776,1911.4
Robert Street Supermarket,51.5283433,-0.1434343,Supermarket,1620.7272451746794,2252.74
Westbourne Nogs Grocery,51.5190088,-0.1961853,Supermarket,1651.3197422864362,2359.93
Lidl,51.53523,-0.4836689,Supermarket,984.4953562059914,1412.99
Londis,51.618556,0.0073691,Supermarket,274.718504438476,283.63
Lidl,51.564695,-0.2639412,Supermarket,495.86535274230664,544.81
Whole Foods Market,51.5105264,-0.1360939,Supermarket,1637.4792200315328,1801.05
Londis,51.455582,-0.1580402,Supermarket,1060.1612265813171,1287.93
Oncu Food,51.6357228,-0.0515252,Supermarket,309.02250474598134,404.35
Asda,51.6416535,-0.0460313,Supermarket,324.426632141888,432.91
Morrisons,51.6175918,-0.1105006,Supermarket,319.5165276576503,408.7
Booze Store,51.6523171,-0.0738625,Supermarket,322.9206550131725,399.96
The Source Bulk Foods,51.4609137,-0.1667529,Supermarket,1073.8077301050064,1279.62
Lidl,51.5420925,-0.3402487,Supermarket,771.1777877620085,1015.23
Costcutter,51.4904091,-0.1327877,Supermarket,1618.4066540974031,2073.99
Pricewise Food & Wine,51.5470224,-0.179954,Supermarket,1613.887503819146,2238.28
The Bounds Greens,51.6071536,-0.1245494,Supermarket,254.36444159960124,387.43
Lidl,51.5081155,-0.3362529,Supermarket,756.6690544738808,847.01
Ozdiller Supermarket,51.5923802,-0.0699827,Supermarket,247.49570659975106,270.19
Tesco Express,51.531313,-0.216861,Supermarket,501.33421182787504,638.77
Mor Foods,51.5076573,-0.3783882,Supermarket,763.8427492496415,853.31
M&S Simply Food,51.5069399,-0.1428187,Supermarket,1622.1950716733716,2343.91
M&S Simply Food,51.5139709,-0.149711,Supermarket,1609.1735217018122,1364.18
Foodland Supermarket,51.3854688,-0.1000826,Supermarket,826.9563693461264,996.0
Sahar,51.5359863,-0.2451289,Supermarket,488.7764801824637,595.95
Way 2 Save,51.5362751,-0.247632,Supermarket,509.0112122481996,515.69
Sainsbury's,51.6060531,-0.0660883,Supermarket,242.92450660540212,192.86
Amazon Fresh,51.5255079,-0.1389014,Supermarket,1612.9928123502693,1730.37
E1 Local,51.5147715,-0.0675928,Supermarket,1185.0477324756514,1322.63
Geranium,51.5197662,-0.0966801,Supermarket,34.83210823765184,46.76
Tawana Oriental Supermarket,51.5158124,-0.1951537,Supermarket,1646.3900003721374,2176.74
Co-op Food,51.4749229,-0.200867,Supermarket,882.1135102378489,1011.89
Cooperative Food,51.3804446,-0.0865371,Supermarket,835.2670934166099,1072.68
Co-op Food,51.4547854,-0.1392317,Supermarket,771.7848182305119,754.69
Tooting Arena,51.4355303,-0.1602435,Supermarket,1058.4242676909432,1132.5
Waitrose,51.4825907,-0.1345287,Supermarket,1075.9241056816027,1257.61
Al-Dimashqi,51.5061545,-0.2294641,Supermarket,892.7176940459158,1401.16
Premier Food & Wine,51.5063508,-0.2393284,Supermarket,901.6387885990858,819.12
M&S Food,51.5256623,-0.0899332,Supermarket,762.6879992908156,984.55
Co-op Food,51.5203298,0.10767,Supermarket,260.35644080013196,340.35
Waitrose,51.5360857,-0.1235071,Supermarket,1644.1283557209076,1370.4
Chung Hwa Hong Supermarket,51.5908184,-0.1030974,Supermarket,249.10058690837786,301.06
Fodal Oriental Supermarket,51.492379,-0.0247915,Supermarket,1181.874745008923,1552.35
Asda,51.5372955,0.0772175,Supermarket,255.04334728243703,286.61
The Co-operative Food,51.4587815,-0.0437743,Supermarket,534.8909319799288,658.84
The Co-operative Food,51.5476923,-0.1256976,Supermarket,761.094101878273,800.18
Food Inn,51.5168879,0.0102401,Supermarket,612.3455106794943,453.09
Co-op Food,51.5532657,-0.1097246,Supermarket,755.3185543377556,450.49
Co-op Food,51.4421569,-0.0104819,Supermarket,524.7464456556714,585.7
Turkish Food Centre,51.4751538,-0.0952901,Supermarket,955.582456985358,1216.91
Lituanica,51.5372714,0.0791098,Supermarket,249.05968992747222,280.05
Co-op Food,51.5631652,-0.1974364,Supermarket,630.8881087542012,803.71
ALDI,51.410248,-0.3012279,Supermarket,506.64289707472915,685.66
Save More,51.5419504,-0.1799277,Supermarket,1637.1101672082377,2335.29
Mega Saver,51.4136447,-0.0512902,Supermarket,624.9119994932613,771.31
Penge Food Centre,51.4132546,-0.0510461,Supermarket,621.1219645455888,992.81
Kosher Kingdom,51.5780594,-0.2071754,Supermarket,620.4616456905779,873.25
The Savanna,51.4087864,-0.2302028,Supermarket,423.7691867789568,576.09
Londis,51.5550333,-0.1453382,Supermarket,1631.9163475396592,1457.36
Morrisons,51.5135148,-0.3040427,Supermarket,783.4339560125106,905.02
M&S Foodhall,51.4453634,-0.2057969,Supermarket,1070.072784465369,1129.75
Corner Shop,51.4351015,-0.0435749,Supermarket,523.1598275380286,757.44
Brazilian Centre,51.4714087,-0.1238649,Supermarket,769.0898260273758,842.13
Iceland,51.4706032,-0.1247946,Supermarket,768.0563391458023,978.08
Way 2 Save,51.5784618,-0.2403299,Supermarket,627.5024845069961,716.94
Rice Wine Shop,51.5107731,-0.1370793,Supermarket,1607.0582832191453,1963.28
Lidl,51.4304194,-0.1849547,Supermarket,424.2918739652293,478.56
Aldi,51.5596941,-0.4015165,Supermarket,976.6654733362576,1185.92
B&M Stores,51.5594869,-0.4012394,Supermarket,977.412745116575,1364.46
Co-op Food,51.5003383,-0.0729975,Supermarket,947.0193567814707,1261.89
Iceland,51.4240895,-0.0039575,Supermarket,528.3877075871943,445.77
Premier Shop,51.5547957,0.1176371,Supermarket,242.4361066154994,238.32
Off License - Mini-Market,51.5329423,0.0062367,Supermarket,621.2295583011503,813.86
Aseda Trading,51.5492384,0.0053491,Supermarket,620.8378568913062,693.27
Bubboo Oriental Grocery,51.4212493,-0.2081849,Supermarket,426.58873823143904,649.5
Co-op Billet Road,51.5997655,-0.0266174,Supermarket,268.20509125980277,310.85
Sri Supermarket,51.5481008,0.0396044,Supermarket,631.3065555245921,628.64
Welcome,51.5428416,-0.1716553,Supermarket,1646.1432033880262,2089.13
Lidl,51.4556519,-0.1943398,Supermarket,1049.0928061328596,1147.34
Jiahe Supermarket,51.5913373,-0.103058,Supermarket,253.0853392721398,266.36
Sulaymaniyah Intl Food Centre,51.5935979,-0.1065807,Supermarket,254.34096470396878,283.9
Shilpa's News,51.3789313,-0.1648743,Supermarket,465.5204633418368,637.96
The Co-operative Food,51.4875928,-0.436119,Supermarket,971.1970137511594,1220.2
Abis Cash & Carry,51.5627774,-0.3555626,Supermarket,467.65041327648487,640.22
Nisa Extra,51.6082719,0.1063964,Supermarket,278.41426691964404,276.85
Planet Organic,51.5893981,-0.1458415,Supermarket,249.40200231511423,347.94
Afrikan Market,51.4794687,-0.0943872,Supermarket,936.4898504320602,1111.99
Longdan Express,51.527743,-0.0767315,Supermarket,459.3639767694318,494.55
Rayners Food Centre,51.5771561,-0.3709634,Supermarket,475.9501450129851,438.69
Co-op Food,51.6068097,0.2183452,Supermarket,232.19743464448325,333.78
Rayners Lane Supermarket,51.57673,-0.3713252,Supermarket,458.522113923414,562.77
Sainsbury's Local,51.5953781,-0.250755,Supermarket,627.8150931609545,809.38
M&S Foodhall,51.491618,0.0706774,Supermarket,477.4249276288974,452.49
Young Cheng Fresh Seafood Shop,51.5117382,-0.1318603,Supermarket,1628.5205067283844,1966.81
Sainsbury's,51.4945644,-0.0976317,Supermarket,949.7329064432574,956.53
Co-op Food,51.5218271,-0.1137627,Supermarket,1635.9010640323745,2098.7
Brixton Food & WIne,51.4543767,-0.1131239,Supermarket,778.2348252029353,906.61
Greens on the Hill,51.5914148,-0.1415187,Supermarket,247.3151264686903,169.39
Tesco,51.5064825,-0.2491087,Supermarket,751.6008711200119,653.29
Phambra Food Store,51.4503674,-0.1265723,Supermarket,758.2205733947475,904.57
Moon Cash & Carry,51.5733956,-0.37156,Supermarket,472.7381349059837,571.53
Sriram Cash & Carry,51.5767285,-0.3709335,Supermarket,460.4220868704397,515.5
Partridges,51.4983571,-0.1835581,Supermarket,709.8769969720098,749.91
St. Helier Food & Wine,51.3757313,-0.1775395,Supermarket,465.80235534438947,551.56
Hiep Phat Vietnamese Supermarket,51.4888156,-0.095839,Supermarket,952.336869405604,948.65
Global Food Store,51.4022507,-0.1921449,Supermarket,411.2736436638103,497.36
North West International Supermarket,51.5818797,-0.3330772,Supermarket,469.8522167290786,661.26
Costcutter,51.3698695,-0.1805339,Supermarket,473.4811955875846,528.82
M&S Foodhall,51.5420387,-0.3390786,Supermarket,764.4627149474668,822.18
Lidl,51.3739312,-0.1198445,Supermarket,829.9928677180201,1035.23
M&S Foodhall,51.492729,-0.226367,Supermarket,895.2611090003547,1438.66
Co-op Food,51.5461174,-0.0748887,Supermarket,454.30169832798555,425.63
Co-op Food,51.5898247,-0.2256884,Supermarket,601.8035375714534,891.0
Martin’s,51.6264881,-0.2693464,Supermarket,639.1467547647857,860.59
Triple A Cash and Carry,51.5958565,-0.294836,Supermarket,471.23024507036524,681.73
Little Waitrose,51.6000852,-0.1949205,Supermarket,618.5476241311725,911.23
Jumbo,51.5078456,-0.1243123,Supermarket,1621.7236812755473,1919.85
Co-op Food,51.4486452,-0.1484124,Supermarket,1075.6185216743174,1405.38
Co-op Food,51.4890261,-0.314376,Supermarket,595.6532520774764,704.28
Lidl,51.584195,-0.0222858,Supermarket,263.62533820776235,219.82
Mixas,51.580812,0.1776323,Supermarket,246.18245823526138,268.66
AP Food Express,51.5009173,-0.1178642,Supermarket,771.1586689859441,1021.62
Co-op Food,51.4095417,-0.2318811,Supermarket,430.5219433232295,587.65
Japan Centre,51.5097324,-0.1313656,Supermarket,1617.8834203276642,1767.84
Lidl,51.5938278,-0.106645,Supermarket,258.646467013724,246.15
Green Bay,51.4858711,-0.2029189,Supermarket,897.0479394126044,1209.91
Ecklee,51.3950096,-0.2378198,Supermarket,427.8439427665952,609.75
Co-op Food,51.4591018,-0.0341076,Supermarket,522.5095792215151,643.94
Sainsbury's Local,51.4905407,-0.3025806,Supermarket,605.9044804029056,753.4
Oseyo,51.5023251,-0.1103454,Supermarket,778.1914962317675,919.12
Co-op Food,51.5878774,-0.0403338,Supermarket,281.0777476986608,293.98
Co-op Food,51.3847483,-0.2950376,Supermarket,499.92929579694226,573.39
Little Waitrose,51.5163426,-0.291001,Supermarket,759.4863348638927,971.6
GreenBay,51.4858748,-0.2028974,Supermarket,916.1280367929558,911.64
Best One,51.4470638,-0.2174764,Supermarket,1059.5424982533073,1586.57
U.see.inn Continental Supermarket,51.5450488,-0.1179354,Supermarket,754.348308497464,881.15
Vital Ingredient,51.5132986,-0.1419871,Supermarket,1641.2102014275847,1141.61
M&S Foodhall,51.5479875,-0.0756727,Supermarket,452.2767379588528,618.61
Lidl,51.536038,0.0349308,Supermarket,629.7391327710345,600.55
Wa Na Hong Oriental Supermarket,51.5462184,-0.0045231,Supermarket,621.9717497391686,627.42
M&S Simply Food,51.6141088,-0.24918,Supermarket,626.6225045134861,669.47
Food 4 Less,51.6009418,-0.2665262,Supermarket,613.381746064366,710.86
A Day Fresh,51.5977717,-0.2774743,Supermarket,479.91014371115983,584.19
Gayatri,51.5809096,-0.3336309,Supermarket,467.75115006423374,416.6
Hak Food Centre,51.5981221,-0.2783117,Supermarket,463.90408206816335,555.13
Co-op Food,51.3508737,-0.0381619,Supermarket,838.9113800236562,1023.06
The Fruit Garden,51.5227275,-0.1593475,Supermarket,1620.8338627202565,1419.04
Istanbul,51.4261098,-0.0501125,Supermarket,520.4053521227452,556.5
Endora House Food & Wine,51.4261599,-0.0528822,Supermarket,520.3146387155379,739.93
PFC,51.426015,-0.0518287,Supermarket,535.1713165398844,661.27
To Tu Polish Food Shop,51.4255895,-0.0481939,Supermarket,528.9581563277435,784.19
S K Food & Wine,51.4255549,-0.0443731,Supermarket,529.1465277675524,705.45
Istanbul Supermarket,51.4257273,-0.0434787,Supermarket,537.9669815267087,729.72
Hoxton Brothers,51.5338081,-0.0803896,Supermarket,444.04742874282823,349.75
The Co-operative Food,51.4087795,-0.1059241,Supermarket,826.1618698961369,1133.96
Seoul Plaza,51.571832,-0.1963688,Supermarket,620.6604240429073,696.65
Co-op Food,51.3696409,0.0010876,Supermarket,629.3580659079954,734.43
ALDI,51.4908886,0.0222533,Supermarket,481.12739576244536,578.72
Iceland,51.6027325,-0.2703528,Supermarket,466.5962157804918,564.35
The Food Warehouse,51.58653,-0.0617439,Supermarket,250.64128309382588,344.93
The Co-operative Food,51.3567786,-0.1735696,Supermarket,469.15443818044236,571.72
Oriental Supermarket,51.5297685,-0.0870768,Supermarket,446.7840657615978,713.55
Co-op Food,51.3753241,-0.0469275,Supermarket,825.4106650059455,1024.75
The Co-operative Food,51.3859741,-0.040214,Supermarket,835.3352231052128,1010.63
Bangla Bazar Cash & Carry,51.5133652,-0.0332748,Supermarket,1174.78383097601,1833.87
Co-op Food,51.3423401,-0.0162257,Supermarket,822.2680314517355,899.44
Tropical Essentials Supermarket,51.3407218,-0.0137921,Supermarket,829.9800359046519,799.49
Co-op Food,51.3996958,-0.1322804,Supermarket,422.8534920633767,703.98
Lidl,51.5099962,-0.3244228,Supermarket,783.4113619011381,882.22
Co-operative Food,51.5859381,-0.18108,Supermarket,618.1346521580185,737.36
Co-op Food,51.5492122,0.0246253,Supermarket,632.587906296992,976.82
Wallington Food Centre,51.3611749,-0.1505781,Supermarket,475.0118656682683,567.93
Asda,51.4651052,-0.0165929,Supermarket,521.4633702443728,512.82
Londis,51.4882157,-0.3168605,Supermarket,602.5223469060397,533.03
ALDI,51.4159213,-0.1788224,Supermarket,416.17221873577887,487.68
oseyo,51.5387036,-0.1420206,Supermarket,1593.1603844351716,2341.24
Co-op Food,51.4684268,-0.3259981,Supermarket,601.2330088485955,703.02
Nisa,51.5494585,-0.1527653,Supermarket,1604.6823783969037,1549.21
Co-op Food,51.5370776,-0.2062613,Supermarket,507.77312686064903,536.77
Green Lanes Surgery & Pharmacy,51.6330775,-0.0940168,Supermarket,313.8743985725988,362.58
The Battersea General Store,51.4821824,-0.1461241,Supermarket,1087.6806175189038,1382.23
Waitrose,51.6353261,-0.0939689,Supermarket,323.75292504231,381.04
Waitrose,51.4091848,-0.2333804,Supermarket,420.9281833339053,427.11
Loco Food Centre,51.5853717,-0.0794435,Supermarket,247.50428368351947,305.35
Hao Wah Chinese Supermarket,51.4735144,-0.0727224,Supermarket,940.9989004818136,1007.3
Sainsbury's,51.5887683,-0.1172394,Supermarket,248.7412020453142,270.44
Kim Lien Mini Market,51.4734874,-0.0712031,Supermarket,950.1133368635027,1160.09
Market Basket,51.5874728,-0.0983831,Supermarket,249.1230709744903,294.75
Mara,51.5701404,-0.0260863,Supermarket,275.0806555616107,302.25
Nadeem Halal Meat & Grocery,51.5716664,-0.0218379,Supermarket,277.2897077490364,264.11
Madina Cash & Carry,51.5711535,-0.0233185,Supermarket,276.0911347495228,263.38
KGN Wholesale & Retail,51.5710047,-0.0236949,Supermarket,270.2581906001298,311.24
M&S Foodhall,51.5030908,-0.1161265,Supermarket,759.4959928824966,904.17
New Kumasi Market,51.4735025,-0.0695651,Supermarket,966.1697460774612,1226.47
Gulf market,51.5205928,-0.1707062,Supermarket,1617.916589847625,1685.63
Sainsbury's,51.5093401,-0.3249925,Supermarket,757.9896480669804,922.17
Co-op Food,51.5594988,-0.2792106,Supermarket,500.8678312213507,504.35
Panzer's Delicatessen,51.533457,-0.1722834,Supermarket,1603.2030224633443,1636.76
Waitrose,51.5773482,-0.2226177,Supermarket,619.925215622801,837.66
CEO African Caribbean Food,51.4400807,-0.4155217,Supermarket,592.8452992093519,769.95
Co-op Food,51.3925818,-0.2230726,Supermarket,427.9189089125534,482.72
Amazon Fresh,51.5007658,-0.1942934,Supermarket,720.06252082273,997.38
La Mart,51.5000899,-0.1961325,Supermarket,714.1918670248853,1025.98
Milad Supermarket,51.5347328,-0.1893389,Supermarket,1638.5950310320695,1602.25
Al-Shaheen Supermarket,51.5303171,-0.1854953,Supermarket,1631.0459998198585,2157.55
Planet Organic,51.5376794,-0.2067383,Supermarket,504.4586051141342,745.41
M&S Foodhall,51.4393675,-0.1264305,Supermarket,773.5440907501077,889.3
Sainsbury's Local,51.5500194,-0.1911823,Supermarket,1624.6480803537402,1703.8
Amazon Fresh,51.4630699,-0.3020706,Supermarket,520.1943616149097,526.93
SJV Cash & Carry,51.5322093,0.0502505,Supermarket,623.0131604265279,864.65
Co-op Food,51.4970012,0.0117826,Supermarket,473.59335696313775,620.03
Co-op Food,51.3916002,-0.0382654,Supermarket,630.8334800753827,878.17
M&S Simply Food,51.5028622,-0.0177096,Supermarket,1173.6714565404918,1185.68
Prezzemolo & Vitale,51.5152222,-0.192678,Supermarket,1637.4443790781224,1801.8
Tian Tian Oriental Supermarket,51.497837,-0.0194259,Supermarket,1181.7650470219985,1322.94
M&S Simply Food,51.5141984,-0.1542276,Supermarket,1627.3412715772051,2145.5
Stroudley Walk Grocery,51.5277329,-0.0177964,Supermarket,1189.8546141966558,1429.98
Marks & Spencer,51.5086352,-0.2203177,Supermarket,900.4237960193275,920.9
Waitrose & Partners,51.5127964,-0.3218211,Supermarket,749.9644227686099,907.32
Magaza Balkan food,51.5068945,-0.2455666,Supermarket,761.8818820443929,887.11
Ikkyu Conveni,51.5164461,-0.209139,Supermarket,721.5982148753499,906.34
Garcia's Food and Wine,51.5179567,-0.2065215,Supermarket,699.8096494148454,703.9
Costcutter,51.5234509,-0.2062885,Supermarket,717.432829368527,1060.19
Green Valley,51.4970638,-0.2052195,Supermarket,695.098680564632,749.63
Forest Hill Supermarket,51.439003,-0.0526494,Supermarket,522.6751951507866,603.77
Oksa Quality Food,51.5124694,-0.2111219,Supermarket,714.4864590203159,1133.6
Mieszko,51.436432,-0.1275065,Supermarket,757.5722906410283,774.03
Asda,51.4591272,-0.331819,Supermarket,588.9382452740787,708.94
Lidl,51.4895852,0.024692,Supermarket,471.2077557687626,688.11
Hanwell Local,51.5135396,-0.3369571,Supermarket,778.0929454644695,1147.2
The Peoples Supermarket,51.5226005,-0.1187863,Supermarket,1629.1748407371315,2133.5
Morrisons,51.5149975,0.0104157,Supermarket,629.6152898285959,623.37
Co-op Food,51.4324021,-0.021195,Supermarket,528.4987172883656,404.74
Budgens,51.5897389,-0.1643484,Supermarket,620.9087840921537,908.92
Iceland,51.5901355,-0.1644503,Supermarket,610.9339469053039,622.82
Asda,51.4710255,-0.3612375,Supermarket,594.2959459951533,546.62
Sirwan Food Centre,51.6084579,-0.1105593,Supermarket,313.4376554357125,504.27
Co-op Food,51.4722579,-0.2034133,Supermarket,902.4533480419798,717.75
Ayta Food Centre,51.6065139,-0.1175565,Supermarket,256.6663395220975,307.59
Hillingdon Food Centre,51.5305889,-0.4490171,Supermarket,989.602195631624,866.54
International Food Centre,51.6166635,-0.1403884,Supermarket,322.5356258834391,415.61
M&S Food,51.4260304,-0.1316699,Supermarket,766.869572296942,927.5
ALDI,51.4259336,-0.1318874,Supermarket,762.3245096212402,1054.08
ALDI,51.5310218,0.1450518,Supermarket,253.37986437001626,301.74
Masala Bazaar,51.5675077,0.1175303,Supermarket,281.8752907110931,339.87
Co-op Food,51.4905044,-0.0973661,Supermarket,935.5865824227536,1018.55
Co-op Food,51.5623987,-0.1257514,Supermarket,758.6198914208389,886.04
Lidl,51.4222272,-0.1069023,Supermarket,840.2632688072541,1140.98
Cudi Food Centre,51.5107654,-0.3212149,Supermarket,764.2049469444884,558.85
M&S Simply Food,51.5090069,-0.1979232,Supermarket,712.5961486630192,727.75
Co-op Food,51.5085552,0.0722854,Supermarket,618.7443140681015,664.23
Store Park Central,51.4799372,-0.1486815,Supermarket,1055.5433631781261,1580.65
Market Place Store,51.4818466,-0.1485932,Supermarket,1078.790319000075,1135.85
Co-op Food,51.4424887,-0.0475799,Supermarket,527.8693581273101,635.4
M & A Ghadeer Supermarket,51.4700219,-0.3575442,Supermarket,594.7467817331689,748.32
Instanbul Grand Bazaar Butcher,51.46998,-0.357746,Supermarket,609.9329578703814,952.57
Safa & Marna Supermarket,51.4699216,-0.358027,Supermarket,601.8368571957697,575.69
New Istanbul Supermarket,51.5775721,-0.1061531,Supermarket,252.80764450356568,228.79
Unnamed,51.5905723,-0.0934496,Supermarket,251.6616573334079,275.44
Costcutter,51.4828093,-0.3099761,Supermarket,608.289931004707,977.55
Here Organic Warehouse,51.4880596,-0.1699133,Supermarket,728.6919032191739,941.18
Loon Fung Tottenham,51.6079735,-0.0605488,Supermarket,255.606347483074,309.44
Unnamed,51.3836163,-0.2142044,Supermarket,473.8810635771327,586.49
Costcutter,51.3486119,-0.1667138,Supermarket,455.5318053281303,472.6
Fio's Continental,51.6317474,-0.1282551,Supermarket,318.42739004261125,313.27
The Food Warehouse,51.4893971,0.0338108,Supermarket,480.5172602325187,642.37
Hyper Marché,51.5111067,-0.3187886,Supermarket,764.5110512456275,1134.09
Tian Tian Market,51.5136558,-0.0685472,Supermarket,1194.743530649124,1539.72
Tesco Extra,51.4892684,0.066274,Supermarket,462.4109044123775,547.77
Londis,51.3692865,0.0010021,Supermarket,624.0962134141623,612.67
Damas Food Centre,51.5103693,-0.3221776,Supermarket,766.0486768466995,852.24
Amazon Fresh,51.5573287,-0.2818909,Supermarket,501.25385179002,769.33
Lidl,51.4314498,-0.1647051,Supermarket,1055.8499166903812,649.53
Eataly,51.5186453,-0.0801583,Supermarket,37.89422897163992,58.22
Dayi,51.6049509,-0.0865312,Supermarket,252.33698731830364,295.38
Londis,51.509612,-0.2373857,Supermarket,885.1563076677547,997.06
Longdan,51.4579388,-0.0133864,Supermarket,532.4121632900391,653.52
Silverpoint Food Centre,51.6113674,-0.0649487,Supermarket,322.36107686528203,372.64
Korona,51.4473409,-0.0180312,Supermarket,530.1585354084228,370.96
Unnamed,51.4841581,0.1748582,Supermarket,271.0661395759716,292.54
Co-op Food,51.5000485,-0.2389164,Supermarket,895.0801029636009,1204.13
Amazon Fresh,51.5028153,-0.0151746,Supermarket,1180.1785720725356,1700.94
Costcutter,51.4317596,0.0310837,Supermarket,521.678335734868,517.73
Co-op Food,51.4875368,0.0027163,Supermarket,480.8237742173262,553.35
The Boutique Grocer,51.5387125,-0.1040028,Supermarket,757.2188180904104,698.21
Al Medina,51.5167686,0.061711,Supermarket,632.0547860054443,748.53
Kacha Bazar Extra,51.5169382,0.0617714,Supermarket,624.2199009241698,871.35
Food Bazar,51.5173698,0.0619014,Supermarket,628.7465639463979,728.45
Lidl,51.4137249,-0.17607,Supermarket,417.5997905310071,459.8
Khun Ya Thai Supermarket,51.498653,-0.0589384,Supermarket,945.2104409505453,818.08
Baghdad Food Centre,51.5064722,-0.2550644,Supermarket,762.7253149959539,948.07
ALDI,51.3723618,-0.1188797,Supermarket,823.2055112544251,877.16
Jiamart,51.5016601,0.0308499,Supermarket,631.615302895735,730.54
Lidl,51.3780012,-0.1554407,Supermarket,473.06469000127765,482.5
Nisa,51.5091331,-0.0020627,Supermarket,1187.5175057702806,1128.67
Harringay Local Store,51.5839372,-0.1001865,Supermarket,252.64773716245713,294.22
Co-op Food,51.5948362,-0.2500145,Supermarket,639.6611267496576,683.28
Lidl,51.49694,0.15652,Supermarket,264.50760056988014,380.77
Lidl,51.3464213,-0.0197393,Supermarket,812.7397524864026,716.23
Lidl,51.5661126,-0.1076062,Supermarket,757.2623417995862,788.69
Lidl,51.5073863,-0.2699911,Supermarket,763.2477789011464,820.93
Lidl,51.5606,0.078896,Supermarket,277.2515955309441,240.67
Lidl,51.4932003,-0.2275114,Supermarket,885.0832499572612,1139.11
The Savanna,51.5028329,-0.083473,Supermarket,948.5628938262445,649.99
Ortadogu Supermarket,51.4702453,-0.3554987,Supermarket,597.9505972667872,642.81
Co-op Food,51.4917522,0.0164026,Supermarket,477.9312346666115,605.66
Amazon Fresh,51.4710493,-0.35396,Supermarket,615.1829838876077,870.31
USSR Retail,51.4699273,-0.3565885,Supermarket,589.1313859894165,531.95
Fone And Vape,51.3608328,-0.1918141,Supermarket,464.4532976252445,529.97
JK Enterprises,51.3982296,-0.2553788,Supermarket,488.1361244455778,555.38
Seoul Plaza,51.3982781,-0.2553854,Supermarket,506.1760528677407,736.95
Budgens,51.3641416,-0.1186244,Supermarket,814.4283698918664,1213.66
Amazon Fresh,51.5135103,-0.0701403,Supermarket,1178.6089092464495,1200.11
Darbari Fancy Textiles,51.5112655,-0.3785455,Supermarket,761.2809328794344,780.3
M&S Foodhall,51.3936386,0.1129539,Supermarket,622.9829268468733,667.17
Brazilian Delights,51.5490813,-0.1296603,Supermarket,1649.2605462213587,1133.12
Planet Organic,51.5555053,-0.1748124,Supermarket,1639.7642011176579,2047.66
Planet Organic,51.521273,-0.0751462,Supermarket,1198.8366703073343,1576.11
M&S Foodhall,51.5941553,-0.3811969,Supermarket,462.5197158854333,657.03
Waitrose,51.5165828,-0.1874061,Supermarket,1641.1043755786602,1723.96
1010 Supermarket,51.5657478,-0.0745162,Supermarket,454.95325921418004,736.6
River Supermarket,51.4982969,-0.0609349,Supermarket,960.3800047949097,894.31
sMart Oriental,51.3614729,-0.1919726,Supermarket,476.94665111907483,448.58
Jaz Food & Wine,51.5226392,-0.2590682,Supermarket,755.7483762798288,1082.17
Riverside Supermarket,51.5517998,-0.0315302,Supermarket,448.768471932788,453.22
M&S Food,51.5647362,-0.107621,Supermarket,763.0277905182751,915.86
Tesco Extra,51.4249057,-0.1316223,Supermarket,748.7948285698114,925.91
Budgens,51.3901726,0.0499146,Supermarket,640.6084109899899,792.88
Chase Supermarket,51.6533208,-0.0911848,Supermarket,320.8478695885624,410.53
East Europe Food,51.5140347,-0.3370573,Supermarket,763.2905960191513,814.5
Tian Tian Market,51.5144522,0.0097155,Supermarket,626.8734473744887,735.53
ALDI,51.3758658,-0.2230686,Supermarket,462.82994575847624,292.36
ALDI,51.5653531,0.1047027,Supermarket,278.13830683551515,357.02
ALDI,51.5241051,-0.1756893,Supermarket,1640.7433061333916,1057.81
Amazon Fresh,51.5110352,-0.2230555,Supermarket,906.6153355273389,1136.14
Lidl,51.5457579,-0.4767332,Supermarket,1001.7447176378996,1247.68
Co-op Food,51.4947671,-0.0792107,Supermarket,952.1283914973583,1409.37
The Savanna,51.5033945,-0.0188683,Supermarket,1177.3127166087238,1779.04
Europol,51.3657634,-0.1939924,Supermarket,466.36500211789416,638.26
The Nest,51.5086392,-0.0084965,Supermarket,1173.4002615550112,1619.97
Lidl,51.5650332,-0.1044227,Supermarket,250.55998730142161,316.77
Planet Food,51.5651342,-0.1034356,Supermarket,454.1920644452546,490.56
ALDI,51.5257277,-0.0894412,Supermarket,755.2323618902419,751.57
Co-op Food,51.4925911,-0.2752112,Supermarket,605.0178156864689,651.51
Trustcos,51.525761,-0.3160988,Supermarket,761.6432031341852,1171.82
Welcome,51.5392641,-0.0240726,Supermarket,1180.6985618826945,1480.3
Co-op Food,51.6158737,-0.1438963,Supermarket,619.1094508344333,693.46
Iceland,51.3814298,-0.2835993,Supermarket,492.79496108952185,561.73
Wickham Food Centre,51.3765325,-0.0191358,Supermarket,616.1799646958848,766.73
M&S Foodhall,51.3767608,-0.0190978,Supermarket,619.2610546940751,715.81
Istanbul Organic Supermarket,51.4926957,-0.2312728,Supermarket,906.6475468558921,1213.14
Kujawiak,51.4697336,-0.358984,Supermarket,603.4646903757871,553.14
Unnamed,51.5052053,-0.0902335,Supermarket,966.271579170509,1001.99
Local Express,51.5208436,0.0198598,Supermarket,614.5968468380811,492.85
Major Foods Ltd,51.5307465,0.1181933,Supermarket,239.7157393522308,308.87
Costcutter,51.5290694,0.1046871,Supermarket,246.25268999058855,328.53
Welcome,51.5287348,0.1042322,Supermarket,250.42830322483616,336.5
Lewisham Food Centre,51.4588417,-0.0121811,Supermarket,533.7509309810617,608.77
M&S Foodhall,51.4808628,-0.1444133,Supermarket,1081.352891402843,1537.87
Giddy Grocer,51.5012173,-0.0821537,Supermarket,955.6249685984992,990.47
Londis,51.5624911,-0.3058087,Supermarket,516.9487149870463,560.84
Szampion Polskie Delikatesy,51.600542,-0.0675875,Supermarket,249.83485884649755,359.65
Nazar Supermarket,51.5997972,-0.0681522,Supermarket,246.37593788213962,166.15
ALDI,51.4637165,0.0288966,Supermarket,469.75496218287293,712.78
Jarr Market,51.5589856,-0.0744704,Supermarket,445.64587436101596,660.99
M&S Foodhall,51.5943526,-0.2621248,Supermarket,506.2898387126394,685.23
ALDI,51.5946819,-0.262391,Supermarket,498.2571453192292,614.43
M&S Food,51.5060815,-0.0173163,Supermarket,1194.6749259045514,1628.36
Unnamed,51.5267411,0.0308128,Supermarket,636.2965920285333,556.41
The Co-op,51.5872765,-0.1327226,Supermarket,239.0795757432529,301.26
Cosmo Foods,51.6135651,-0.1762712,Supermarket,630.52382534914,924.81
Sultan Food Centre,51.6119199,-0.1754706,Supermarket,606.012798729046,827.73
Waitrose,51.4613659,-0.301844,Supermarket,525.953729326095,580.14
Dag Supermarket,51.475472,-0.0198065,Supermarket,489.9186953631137,603.76
Mleczko delikatesy,51.5074141,-0.2724517,Supermarket,764.256773353595,827.69
Star Fruit & Veg,51.5585474,0.0706193,Supermarket,273.2186423048201,289.79
Grains & Green,51.5435573,-0.0551301,Supermarket,447.6857454984488,434.52
Cranbrook Supermarket,51.5625545,0.0676616,Supermarket,278.6055271613441,374.43
Amazon Fresh,51.5301212,-0.0745071,Supermarket,450.39526623833734,455.84
Costcutter Express,51.4330788,-0.0172024,Supermarket,528.6427214923482,502.37
Tesco,51.4867902,-0.1150326,Supermarket,771.1644498203107,1076.12
Archies,51.5902984,0.0496901,Supermarket,281.1196100664318,282.53
YOHOME,51.4980126,-0.0176148,Supermarket,1171.3266314599398,1190.2
Acasa Delicatessen Limited,51.591158,0.0832789,Supermarket,278.709374304563,343.11
Baylis Food and Wine,51.5928872,0.0840838,Supermarket,288.02373950053743,268.39
Drayton Manor High School PTA car boot,51.52639,-0.3426977,Supermarket,760.3286083175491,1073.13
FM Food Centre,51.4206955,-0.0012419,Supermarket,526.8884586962479,624.06
Nisa Local,51.546481,-0.1909244,Supermarket,1640.8331663133533,2528.14
Sira Cash and Carry,51.5096018,-0.3762335,Supermarket,741.325449341827,848.98
St. James Supermarket,51.4924173,-0.0653912,Supermarket,964.3819133169287,1097.42
Costcutter,51.3764455,-0.2218464,Supermarket,465.55839307358616,395.27
OK OK Chinese Supermarket,51.3600814,-0.1944453,Supermarket,471.0137061512569,604.7
Hadar Kosher Supermarket,51.6159647,-0.2748325,Supermarket,624.4606948211585,909.54
Dadinho Distributions,51.5848633,-0.0769785,Supermarket,255.67128555358246,279.72
Co-op Food,51.6091704,-0.2101854,Supermarket,621.5866790683784,873.88
YOHOME Oriental Lifestyle/有家超市,51.570968,-0.0894535,Supermarket,447.06348513745763,550.14
Prince Food & Wine,51.4915169,-0.1185035,Supermarket,783.5342914117118,805.78
TFC,51.4924134,0.0627744,Supermarket,465.01631323938335,601.37
Mega Food Centre,51.6058592,-0.187504,Supermarket,623.8605885482793,782.45
Persia,51.6059851,-0.1873169,Supermarket,613.0548021776121,642.81
Mega Organix,51.6061492,-0.1870732,Supermarket,617.6854985756969,952.3
Best Foods Mega Mart,51.4252306,-0.0042821,Supermarket,544.7638271668974,681.97
Best Foods Supermarket,51.5308532,-0.3718936,Supermarket,763.3002834284641,957.6
Unnamed,51.3984664,-0.0760319,Supermarket,834.6101966938595,1006.62
Family Sari Sari Store,51.5135862,-0.4712596,Supermarket,957.5273937986602,1274.34
Aldi,51.6129162,-0.177182,Supermarket,617.9423931740323,830.22
Kosher Edge,51.6158844,-0.2765413,Supermarket,625.2523057723262,716.23
Northwood Hills Supermarket,51.6015558,-0.4096338,Supermarket,978.6231671051341,1402.29
Planet Plenty,51.4708145,-0.2106699,Supermarket,900.1738684544073,1046.25
Mieszko Polish Supermarket,51.4730512,-0.3872156,Supermarket,596.6166390003167,794.08
Morrisons,51.4826743,-0.30875,Supermarket,600.6204039244783,810.66
Wawel Tradycyjne Polski Smaki,51.4991401,-0.3063229,Supermarket,767.6555710298551,1160.64
Unnamed,51.507057,-0.0739626,Supermarket,1164.5662364620964,1103.8
Nazar Food Centre,51.6171948,-0.1770101,Supermarket,623.9922515027022,670.12
Lidl,51.5399531,-0.2995099,Supermarket,510.024648151563,676.51
Polski Sklep n Cioci,51.6153386,-0.27532,Supermarket,628.358556977808,790.63
Simply Food & Wine,51.5106941,-0.1868731,Supermarket,1622.0692522475506,1676.81
England Pharmacy,51.510552,-0.136228,Supermarket,1616.434834738845,1872.13
Oseyo,51.4109205,-0.3013676,Supermarket,496.44770178922545,525.73
Save More Superstore,51.5049097,-0.4192214,Supermarket,973.8258656904694,865.31
Unnamed,51.5940762,-0.336175,Supermarket,476.3160952386382,737.35
Northwest,51.5362883,0.0525498,Supermarket,609.6980290574961,588.39
Hoji,51.4926129,-0.2603342,Supermarket,591.4532173873943,665.68
Tian Tian Market,51.5136219,-0.3059248,Supermarket,753.7293394466851,849.63
Tian Tian Market,51.5602262,-0.2808249,Supermarket,510.1457958943402,661.68
Sainsbury's,51.4887207,0.0262206,Supermarket,477.5739539027358,413.78
Landis,51.5090231,-0.3465467,Supermarket,759.5771276911474,849.32
ALDI,51.5688694,0.1852441,Supermarket,235.09572776671448,305.03
Lidl,51.5135381,-0.249449,Supermarket,767.5822630529335,910.58
Seoul Plaza,51.4100721,-0.3027531,Supermarket,501.6032368705431,578.36
Duri Korean Grocery,51.5102499,-0.2872136,Supermarket,737.0699512176528,911.44
Harvest International N8,51.5819925,-0.1198501,Supermarket,253.67171602581033,356.43
Oseyo,51.4803409,-0.1450342,Supermarket,1075.0525778577328,1205.08
Co-op Food,51.552995,-0.2107674,Supermarket,1624.279599493671,1599.35
Benjamin Ball Associates Ltd,51.5074401,-0.1341441,Supermarket,1612.8839213862648,1789.3
Evmolpia,51.583208,-0.0996298,Supermarket,252.71223929566062,277.75
Harringay Food Centre,51.5825092,-0.099084,Supermarket,252.84977698913335,278.59
Co-op Food,51.5702582,-0.095911,Supermarket,448.46125312909425,503.77
Lo Sfizio,51.5871531,-0.0974278,Supermarket,249.86428565044574,208.61
Cudi Food Centre,51.5868368,-0.0962494,Supermarket,246.29038937935476,241.25
4th Gardens Groceries & Takeaway,51.5849934,-0.07803,Supermarket,250.05535955189995,317.92
West Green Supermarket,51.5843501,-0.0761711,Supermarket,243.18313816190613,280.91
C&G Cash and Carry,51.5843853,-0.0755314,Supermarket,253.04055487479565,213.14
Thornfield Supermarket,51.6044019,-0.2073359,Supermarket,616.2418801119975,860.55
Kosher Cuisine,51.6052002,-0.2072685,Supermarket,625.5804119784791,575.22
One Below,51.4704106,-0.0690167,Supermarket,939.1258285451107,1281.22
Amazon Fresh,51.3763464,-0.0939023,Supermarket,827.4451622435325,1056.97
TFC supermarket,51.6219292,-0.0617736,Supermarket,317.1071983614674,305.3
The Olive Tree,51.5288263,-0.2921496,Supermarket,749.1772508580533,718.42
Kopernik Polish Supermarket,51.5288947,-0.2921576,Supermarket,764.6962698780161,894.18
Dailyfresh Foods,51.4324108,-0.1640424,Supermarket,1066.587132558773,1670.59
0086 Supermarket,51.4802196,-0.1283656,Supermarket,756.8197543868828,1031.61
Fu Lai,51.5234556,-0.2618862,Supermarket,752.3010451592074,741.4
Yasar Halim,51.6328805,-0.1260367,Supermarket,321.14091328757263,439.22
M&S Simply Food,51.4768107,0.0202227,Supermarket,487.6337647228254,380.36
M&S Food,51.5151363,-0.1381359,Supermarket,1625.0276036780951,2029.23
Blue Mountain Peak,51.5376989,-0.248888,Supermarket,507.4451482579522,605.39
Mas Bazar Bethnal Green,51.5264172,-0.0661906,Supermarket,1186.9161749691302,1612.61
Mang Pinoy @ Kabul Plaza,51.5359388,-0.2476959,Supermarket,506.91141392456944,720.93
Unnamed,51.6146175,-0.2758828,Supermarket,633.8560174783969,1077.24
Food Palace,51.6327887,-0.1281015,Supermarket,309.2354201702522,195.55
Waitrose,51.4990873,-0.1980595,Supermarket,719.8766335309571,711.16
Co-op Food,51.4744819,0.035152,Supermarket,478.76945239575224,675.92
Beren Supermarket,51.632245,-0.126451,Supermarket,316.4659074689183,440.43
Mleczko,51.5968249,-0.111614,Supermarket,249.43588269791857,340.47
Southgate Food Centre,51.6328397,-0.1285426,Supermarket,315.61538784503347,219.48
UUGO Oriental Mini Mart,51.6330351,-0.1293844,Supermarket,310.81823323875057,470.41
ALDI,51.5519828,-0.1118857,Supermarket,757.1236068469697,877.86
Oseyo,51.5165509,-0.17496,Supermarket,1648.0216321809237,2647.01
Bucharest Supermarket,51.604378,-0.1884525,Supermarket,623.2566912701449,739.96
Diamond Supermarket,51.6245037,-0.1234229,Supermarket,317.7221928542892,415.1
China Ark Market,51.4897691,-0.0397314,Supermarket,525.1158210680621,731.49
Amazon Fresh,51.5486688,-0.190947,Supermarket,1625.581529387146,1834.9
Lidl,51.4983335,-0.4043683,Supermarket,600.1505132777838,450.81
B&B Super Shop,51.4981117,-0.394103,Supermarket,760.4544750572976,999.56
Hayes Food Centre,51.5088479,-0.4153713,Supermarket,970.6387683885324,1156.6
Damascene Rose,51.5001626,-0.195929,Supermarket,717.5679074835505,980.68
Co-Op Food,51.4108879,0.010238,Supermarket,621.3316056809498,729.51
Amazon Fresh,51.509294,-0.1958982,Supermarket,716.2937981877558,890.81
Hekede,51.493776,-0.1016213,Supermarket,960.8574921347737,1222.7
Ha-Noi,51.4773579,-0.0257789,Supermarket,540.0216955835498,611.29
Asda,51.4752446,-0.0262071,Supermarket,529.461934569685,492.0
Sainsbury's,51.4301275,-0.0332503,Supermarket,540.0773852498461,508.19
Sainsbury's,51.546775,-0.2255269,Supermarket,511.9177331473857,693.38
Waitrose,51.6314179,-0.1758029,Supermarket,615.8324426026267,731.01
M&S,51.6347684,-0.175799,Supermarket,614.0813696412631,584.6
Tesco,51.5743073,-0.2148519,Supermarket,621.2915594445402,954.65
Sainsbury's,51.4155913,-0.303206,Supermarket,511.69754304242593,730.72
Sainsbury's,51.4196874,-0.1292424,Supermarket,771.4948073558251,690.35
Tesco,51.4598544,-0.1196612,Supermarket,766.851966295595,1045.36
Sainsbury's,51.577196,-0.0955445,Supermarket,258.7259482280126,248.59
Tesco,51.6509642,-0.076743,Supermarket,319.34721013091007,284.18
Lidl,51.4116691,-0.1586876,Supermarket,408.77152328914013,441.2
Tesco,51.4930249,-0.2015256,Supermarket,716.840260633362,772.99
Waitrose,51.4250706,-0.2017521,Supermarket,427.2657799253891,421.16
Tesco,51.4593488,-0.4150804,Supermarket,598.2925256531598,703.66
Morrisons,51.4730343,-0.0684465,Supermarket,957.2398213085914,1151.37
Lidl,51.4724503,-0.0712745,Supermarket,952.1932956297013,952.87
Morrisons,51.6479924,-0.0593309,Supermarket,310.2985263002419,365.08
Sainsbury's,51.6519615,-0.057721,Supermarket,315.64043258420537,344.43
Tesco Lea Valley Extra,51.6099854,-0.0484011,Supermarket,312.3997960176058,268.69
Tesco Extra,51.4591403,-0.3375478,Supermarket,589.3458217355571,707.11
Asda,51.6343607,-0.1314648,Supermarket,310.6103939442864,310.74
Tesco Extra,51.4857771,-0.330076,Supermarket,600.0448741374662,763.21
Asda,51.5563487,-0.009039,Supermarket,274.7726805339504,291.11
Waitrose,51.3989864,0.0193244,Supermarket,625.0567240945019,683.51
Sainsbury's,51.3768101,-0.0150364,Supermarket,623.4617288365852,653.38
Sainsbury's,51.3770236,-0.0217321,Supermarket,628.4242900776471,587.8
Tesco Extra,51.6480542,-0.0476222,Supermarket,323.8131556162617,353.99
Sainsbury's,51.5211076,-0.0584989,Supermarket,1162.66735510384,891.9
Tesco,51.396439,-0.0501575,Supermarket,631.5980628276967,809.3
Waitrose,51.571324,-0.4230065,Supermarket,969.7311944198296,845.5
Waitrose,51.5954499,0.0234331,Supermarket,270.01788713787766,305.19
Morrisons,51.6080441,-0.3649681,Supermarket,455.24138170011855,651.99
Waitrose,51.393852,-0.3051755,Supermarket,497.9073733243586,626.41
Asda,51.5300122,0.142463,Supermarket,250.6465595410568,293.41
Tesco Extra,51.6072532,-0.154855,Supermarket,626.8042019229113,559.77
Sainsbury's,51.4341465,-0.3749872,Supermarket,516.2590790882829,649.0
Lidl,51.4483046,-0.4095918,Supermarket,604.4051293676841,726.91
Lidl,51.4125132,-0.2904058,Supermarket,514.4960885004846,393.36
Asda,51.4112109,-0.2899439,Supermarket,507.20302354610993,710.55
Morrisons,51.3881923,0.074027,Supermarket,623.9210681347613,857.85
Tesco Extra,51.402393,-0.2399906,Supermarket,431.20065111064287,613.66
Sainsbury's,51.6042637,-0.0207611,Supermarket,278.21599506971563,328.81
Morrisons,51.6074849,-0.0217238,Supermarket,278.80259861745907,416.83
Sainsbury's,51.4620711,-0.1359266,Supermarket,766.3615927635572,997.31
Asda,51.3669469,-0.1953086,Supermarket,450.4595475413757,475.76
Tesco,51.443754,-0.4129985,Supermarket,612.899384583499,691.65
ALDI,51.4439141,-0.4121199,Supermarket,584.1081149636603,688.21
Tesco Extra,51.5540237,-0.2553889,Supermarket,504.3159283300942,559.0
Sainsbury's,51.4126588,-0.0515861,Supermarket,647.4857226640976,995.97
Sainsbury's,51.617908,-0.1761177,Supermarket,626.3107193372466,707.58
ALDI,51.5623607,-0.3568075,Supermarket,475.057729053948,537.03
Morrisons,51.4801364,0.1847046,Supermarket,259.16782774012586,310.92
Asda,51.4939203,-0.0130368,Supermarket,1165.1329717697618,1771.27
Waitrose,51.3781252,-0.2432915,Supermarket,466.2384010433124,635.24
Sainsbury's,51.3718314,-0.2247921,Supermarket,477.3669283214516,588.15
Morrisons,51.3607304,-0.1932535,Supermarket,467.5165111788055,527.35
Tesco Extra,51.3753454,-0.2067332,Supermarket,464.44288539001667,534.23
Sainsbury's,51.5262994,-0.2177525,Supermarket,715.832981732112,776.34
Tesco,51.4888141,-0.0760045,Supermarket,963.4112063231943,1315.98
Lidl,51.3680392,-0.1945146,Supermarket,459.9851483587967,506.94
Sainsbury's,51.4547927,-0.1139067,Supermarket,761.492846363694,804.17
Sainsbury's,51.5934992,0.0241159,Supermarket,275.8168290946762,327.61
Waitrose,51.5068601,-0.0673199,Supermarket,1196.393367394867,1354.93
Sainsbury's,51.4177227,-0.0828958,Supermarket,834.9729699755803,740.86
Morrisons,51.508358,-0.2726477,Supermarket,782.3227519029015,843.26
Sainsbury's,51.5213499,0.0659051,Supermarket,632.5340233952207,824.48
Asda,51.5149947,0.0577414,Supermarket,624.8525194120334,595.97
Asda,51.4467208,-0.4121198,Supermarket,606.3210373357865,805.02
Sainsbury's,51.4953734,-0.1884639,Supermarket,715.9473186969173,893.31
Lidl,51.6719571,-0.0413558,Supermarket,313.7565314749745,472.3
Tesco,51.5921111,0.0401776,Supermarket,283.58802441914776,373.35
Asda,51.5286197,-0.2702326,Supermarket,757.604846032913,806.1
Waitrose,51.4027297,-0.2560625,Supermarket,502.3275876050613,549.08
Lidl,51.3840369,-0.1894021,Supermarket,478.99175426197894,555.28
Sainsbury's,51.3659598,0.0553664,Supermarket,627.8069904534865,659.96
ALDI,51.3987569,0.1143007,Supermarket,622.242299195816,798.31
Tesco Superstore Finchley,51.6031356,-0.1920654,Supermarket,620.0329079645368,745.01
ALDI,51.5692341,0.0112351,Supermarket,279.6111008099153,277.17
Tesco,51.5718503,0.0138803,Supermarket,271.36635340868014,259.98
Sainsbury's,51.4621859,-0.2155636,Supermarket,1066.5072232511725,1210.15
Sainsbury's,51.5884618,0.0817535,Supermarket,277.2898328487373,284.36
Tesco,51.5469169,-0.0527374,Supermarket,452.85602858674247,702.93
Waitrose,51.5676344,-0.3521836,Supermarket,465.9212669777926,468.58
Sainsbury's,51.5342457,-0.1077522,Supermarket,741.6066442435538,1117.6
Waitrose,51.5561703,-0.116155,Supermarket,747.8185142449062,939.47
Morrisons,51.5571856,-0.1165799,Supermarket,747.4220830387484,1081.96
Sainsbury's,51.3989109,-0.0863305,Supermarket,844.1764730295899,1092.68
Sainsbury's,51.5818542,-0.2438947,Supermarket,630.1180672002585,903.29
The Food Warehouse,51.4801916,-0.0574183,Supermarket,958.5824758129249,904.83
Asda,51.4395773,-0.245784,Supermarket,1065.2812872690213,942.21
Co-op Food,51.5411845,-0.1173775,Supermarket,748.4390396800799,963.58
H Mart,51.4023201,-0.2677698,Supermarket,500.78558869764805,490.43
Waitrose,51.5248978,-0.1241527,Supermarket,1613.6625281307374,2145.39
Waitrose,51.4115805,-0.0263468,Supermarket,648.4090356272764,836.11
Harvest N1,51.5388362,-0.0984581,Supermarket,736.0133883480286,861.61
Co-op Food,51.4510504,0.1045761,Supermarket,269.84396525691204,365.88
Asda,51.4655207,-0.1649233,Supermarket,1057.2193214365611,1124.81
Lidl,51.464937,-0.1670748,Supermarket,1069.4304053366998,1489.13
Tesco,51.4000431,0.0316044,Supermarket,620.7766335929012,638.32
Sainsbury's,51.4066378,0.0143693,Supermarket,619.2731771072691,893.92
Sainsbury's,51.6165594,-0.0191817,Supermarket,268.28881036931807,337.49
Lidl,51.5345551,-0.3896486,Supermarket,779.0267114362349,530.02
Tesco,51.4125897,0.1226963,Supermarket,627.5556022351296,559.55
Morrisons,51.5919586,-0.2845743,Supermarket,499.13098064324413,607.14
Morrisons,51.5078197,0.1057273,Supermarket,485.27629652031004,736.39
Morrisons,51.5666977,-0.0738073,Supermarket,451.6895501659681,475.63
Sainsbury's,51.5153459,-0.4034687,Supermarket,982.2302012141755,1321.9
Lidl,51.562457,-0.2205275,Supermarket,609.2929915296143,844.11
Amazon Fresh,51.6316222,0.0036084,Supermarket,275.8499687489527,370.08
Waitrose,51.3551194,0.0900925,Supermarket,634.73630554614,602.02
Tesco,51.5438125,0.2082761,Supermarket,228.07541869657393,327.38
Sainsbury's,51.57324,-0.0733558,Supermarket,454.63199236124046,370.95
Tesco Extra,51.5247617,-0.3849372,Supermarket,991.8694817043189,1330.06
Tesco,51.5969732,-0.3954259,Supermarket,468.4582968770999,459.68
Lidl,51.5576986,-0.3840976,Supermarket,983.2312328623381,1124.23
Sainsbury's,51.629497,-0.0985647,Supermarket,321.5098409264308,430.1
The Co-operative Food,51.4271244,0.0123746,Supermarket,524.9686977075432,761.23
Aldi,51.5690694,-0.0301689,Supermarket,274.4682577473846,339.51
Tesco,51.5744743,-0.0121324,Supermarket,266.0536739830171,341.95
Sainsbury's,51.5564248,0.0693913,Supermarket,277.60197144030656,334.13
Sainsbury's,51.5565196,0.0699064,Supermarket,281.39586351082403,248.8
Franklins,51.4561043,-0.0759155,Supermarket,959.9084757537671,1076.48
Co-op,51.5300793,-0.0980576,Supermarket,755.7439316167648,1039.59
Co-op Food,51.4734483,-0.0935873,Supermarket,959.8780517664328,1074.69
Crackerjack,51.4731124,-0.0703967,Supermarket,942.0840873360718,1218.88
Lidl,51.4798035,-0.0583522,Supermarket,951.857291859311,856.37
Co-op Food,51.6070833,0.0322548,Supermarket,280.09201509195714,356.82
Aldi,51.5651061,-0.133968,Supermarket,771.6068743767802,785.54
Co-op Food,51.564915,-0.1344671,Supermarket,753.6684371094938,1014.47
Iceland,51.5390417,-0.1941075,Supermarket,1620.7146911721795,1691.75
Sainsbury's,51.5388482,-0.1935891,Supermarket,1627.3523499043285,2138.68
Khan's Bargain,51.4696839,-0.0678611,Supermarket,943.8781627218357,1000.85
The Pantry,51.473539,-0.0886228,Supermarket,954.7315481137888,1502.42
M&S Simply Food,51.5941531,0.0241716,Supermarket,278.0583438592072,336.65
Sainsbury's Local,51.5278364,-0.19711,Supermarket,1603.86295311074,2801.7
Asda,51.3767917,-0.1300799,Supermarket,469.4883978454452,656.96
Co-op Food,51.4587224,-0.0753713,Supermarket,949.7503337036924,878.85
M&S Foodhall,51.4578403,-0.0755603,Supermarket,936.9152573227126,1223.22
Lidl,51.4058387,-0.1663441,Supermarket,423.4429159211163,373.08
Sainsbury's,51.4439409,-0.1513961,Supermarket,1085.9196889549828,1414.19
Waitrose,51.4456686,-0.1516985,Supermarket,1075.9036928555388,1289.08
Asda,51.4074231,-0.1682326,Supermarket,427.86401729960755,349.86
Hoo Hing,51.4079795,-0.1679263,Supermarket,415.1460423893962,546.3
Asda,51.6224331,-0.0595235,Supermarket,320.41815897235637,299.67
Sainsbury's,51.5815297,-0.3152698,Supermarket,505.62448326053044,514.25
Waitrose,51.4886424,-0.167006,Supermarket,718.6308548540538,778.43
Oncu Food Centre,51.6780945,-0.0348745,Supermarket,320.1122537367631,374.73
FoodArt,51.6701896,-0.041276,Supermarket,310.06525003249396,428.67
Enfield Food Centre,51.6697622,-0.0414827,Supermarket,317.4966337938964,373.29
Fresh Food Centre,51.657841,-0.0475553,Supermarket,313.45806810402075,415.66
Efe Food & Wine,51.6572805,-0.0475795,Supermarket,317.44768826190716,353.33
M&S Simply Food,51.5382266,-0.1930781,Supermarket,1615.6330188631323,2275.82
Buy Wise,51.550297,-0.1308485,Supermarket,1643.821484307609,1858.78
Morrisons,51.5428859,-0.1499053,Supermarket,1616.123201948143,2286.02
Londis,51.5680305,-0.3956668,Supermarket,966.2431112021485,1340.7
Lidl,51.4196814,-0.1637862,Supermarket,424.36560276045066,455.44
Waitrose,51.3090316,0.0366742,Supermarket,620.0702276529025,522.56
Waitrose,51.4647294,-0.268792,Supermarket,519.9787417508034,537.07
Mercan Food Centre,51.5584877,-0.0686689,Supermarket,446.0424155970296,576.57
Waitrose,51.5338335,-0.107434,Supermarket,767.7960809710809,710.34
Tesco Extra,51.4990756,-0.4077505,Supermarket,602.6192854616528,704.91
Healthwise,51.533541,-0.1099531,Supermarket,755.0304678841767,975.36
Costcutter,51.5298733,0.1540082,Supermarket,247.59567600879305,259.8
Lidl,51.5420331,0.1485505,Supermarket,254.25035203653508,264.21
ALDI,51.5405668,-0.1961066,Supermarket,1632.2486635538155,1899.98
Partrigdes,51.4906501,-0.1605931,Supermarket,718.3689406532791,821.9
Morrisons,51.559393,0.148482,Supermarket,249.41915673143387,366.63
Aguona Express,51.5613204,0.1473021,Supermarket,241.1164503180139,333.31
Sainsbury's,51.5480688,-0.1819355,Supermarket,1625.6454171482271,2155.1
Waitrose,51.5837715,-0.2000693,Supermarket,619.4946779300657,728.76
Fridge Of Plenty,51.577833,-0.1233779,Supermarket,254.18139858180828,331.59
Sainsbury's,51.4271005,-0.168026,Supermarket,1080.9790735867975,1122.67
Tesco Extra,51.5658056,0.1919145,Supermarket,232.95266931363145,212.32
Waitrose,51.5435461,-0.0097221,Supermarket,628.8332954894266,688.56
Asda,51.5801934,0.1852967,Supermarket,244.58555038222931,270.45
Lidl,51.4642954,0.1074691,Supermarket,263.48024428116815,293.37
Tesco Extra,51.3369067,-0.1170549,Supermarket,848.1791370762982,1007.21
Sainsbury's,51.3422808,-0.0629523,Supermarket,825.0493424784646,1034.63
Sainsbury's,51.5707479,-0.1945386,Supermarket,623.8813239340227,593.99
Sainsbury's,51.5405059,-0.1408073,Supermarket,1626.9378298676904,2597.23
Tesco Extra,51.3739537,0.0966303,Supermarket,628.7011689462203,828.5
Co-op Food,51.3824872,0.1070609,Supermarket,621.9684755745684,834.46
Sainsbury's,51.3758168,0.1006409,Supermarket,623.9228089467273,765.61
Bestway Cash & Carry,51.3780481,-0.1281353,Supermarket,465.31287606196236,517.97
Waitrose,51.4802014,-0.1994,Supermarket,897.4320705882093,1226.8
May Lane's Co-op,51.6457036,-0.2033147,Supermarket,626.3064417387752,558.91
Sainsbury's,51.449159,0.1789398,Supermarket,278.4304012229297,456.71
Co-op Food,51.4842153,-0.2021685,Supermarket,907.3053814922378,854.32
Lidl,51.5407536,-0.0538609,Supermarket,448.19371685039687,685.77
Sainsbury's,51.4264392,-0.3775939,Supermarket,525.3995283951103,676.41
Sainsbury's,51.3914448,-0.3077996,Supermarket,511.47157373854117,542.95
Sainsbury's,51.4399647,-0.0554981,Supermarket,530.3428098634726,442.02
Sainsbury's,51.4665899,-0.2865132,Supermarket,522.5463368130307,614.77
Morrisons,51.4195159,-0.204508,Supermarket,424.2157841695258,510.66
Tesco Express,51.5902471,-0.01656,Supermarket,278.80191371137334,328.59
Tesco Extra Gallows Corner,51.5936772,0.2185554,Supermarket,232.0275637472755,196.51
Sainsbury's,51.4934108,-0.2651161,Supermarket,594.0346381438669,780.72
ALDI (Shop & Go),51.4792062,-0.010924,Supermarket,484.68407385697424,500.85
The Grocery,51.5289315,-0.0775825,Supermarket,453.71300774250415,572.38
Longdan,51.529666,-0.0777223,Supermarket,453.2300603189096,494.46
Lidl,51.4143386,-0.1236833,Supermarket,829.4552123048692,1085.46
Waitrose,51.6072399,-0.2090457,Supermarket,631.380570223671,876.75
Nisa,51.5522476,-0.1326785,Supermarket,1654.298993029838,2062.29
Lidl,51.3806931,-0.1057724,Supermarket,836.5389282894317,1080.73
Morrisons,51.4728847,-0.0919751,Supermarket,950.9643242524508,1256.3
Co-op Food,51.6122145,-0.1595844,Supermarket,629.6684347090504,689.59
Tesco Extra,51.5176079,0.0756004,Supermarket,620.8673390197243,827.42
ALDI,51.4084631,-0.0590191,Supermarket,622.6660854090029,683.23
Tesco,51.4664028,-0.0126086,Supermarket,530.3588783261955,675.63
ALDI,51.6447779,-0.1639025,Supermarket,603.3024463732313,1037.07
Asda,51.5936134,-0.069038,Supermarket,245.16929604794677,203.46
Co-op Food,51.4726418,0.0459039,Supermarket,479.0056862774707,706.41
Sainsbury's,51.4499775,0.0574307,Supermarket,472.0295876989243,538.37
Lidl,51.4510994,0.0558546,Supermarket,474.2550640481108,405.72
Sainsbury's,51.4188285,0.0664772,Supermarket,625.1472438981601,791.05
Wing Yip,51.3623027,-0.1193563,Supermarket,817.8363775851396,819.63
Morrisons,51.3647849,-0.1202749,Supermarket,829.1242082766945,1319.13
M&S Simply Food,51.4520147,-0.1481232,Supermarket,1064.9718029857383,1390.7
Tesco Extra,51.520151,0.1910242,Supermarket,236.27345728912474,313.92
Sainsbury's,51.4772913,-0.0423342,Supermarket,538.5235377568276,668.82
Spar,51.4648122,-0.0378874,Supermarket,531.3759932722313,604.3
Tesco Superstore,51.5862194,-0.3336919,Supermarket,468.7041725745856,563.48
Greens International Food Centre,51.6121976,-0.1728903,Supermarket,624.4854383867507,644.86
ALDI,51.4040957,-0.2722667,Supermarket,506.00495303028544,671.36
Aldi,51.3449122,-0.0590883,Supermarket,823.551291891023,1346.1
ALDI,51.3976773,-0.076489,Supermarket,831.7825658947681,780.28
Morrisons,51.596318,-0.1106971,Supermarket,252.49668656478232,331.16
Sainsbury's,51.5925624,-0.105032,Supermarket,244.08319021510994,253.72
Latin Stop Mini Market,51.590895,-0.1030868,Supermarket,255.286480519137,306.22
Quality Foods,51.5090169,-0.3764897,Supermarket,773.1400758078248,1039.12
Mr Meat,51.3733541,-0.102233,Supermarket,827.0680930322172,1189.79
Sainsbury's,51.5826723,-0.0270695,Supermarket,272.9961178801977,340.0
Unnamed,51.3746345,-0.0959795,Supermarket,824.8156770801436,988.75
Gazi International Supermarket,51.5818141,-0.0336152,Supermarket,277.9226443078937,201.9
Lidl,51.5822886,-0.0320271,Supermarket,268.7023960036974,309.53
Terra House,51.3696554,-0.100058,Supermarket,830.7996854822776,901.91
HFC Hyper Food Centre,51.586625,-0.2196641,Supermarket,616.916707557629,843.28
Waitrose,51.5175713,-0.1657751,Supermarket,1627.3598838011833,2015.93
Waitrose,51.3319257,-0.0747943,Supermarket,816.4559497821792,1091.11
Morrisons,51.4248993,0.1029848,Supermarket,273.7831997303451,322.3
Waitrose,51.492766,-0.2630791,Supermarket,589.0997031870401,718.61
M&S Simply Food,51.4913952,-0.1924367,Supermarket,714.6661579149364,947.98
M&S Foodhall,51.4929374,-0.2580193,Supermarket,594.9085432116153,494.56
Food Hall Wood Street,51.5887503,-0.0045481,Supermarket,270.2688185979447,310.96
Planet Organic,51.4922777,-0.2576682,Supermarket,589.6930836902932,809.26
Sainsbury's,51.5631464,0.2181943,Supermarket,240.70045374851242,319.49
Lidl,51.5634794,0.2153715,Supermarket,233.59563548958894,310.87
Unnamed,51.5632483,0.2163452,Supermarket,237.4677587595196,311.29
Lidl,51.5737393,0.183082,Supermarket,232.25510446467868,263.95
The Source Bulk Foods,51.4934588,-0.2550465,Supermarket,591.5513874694336,619.43
M&S Food,51.4633979,-0.11534,Supermarket,776.2796795356946,1023.15
Morrisons - Harrow,51.5803963,-0.3428484,Supermarket,474.9287803806736,645.08
Tesco,51.5265566,-0.0097585,Supermarket,1182.5719646528769,1598.3
Tesco,51.4462512,-0.0222115,Supermarket,519.7670952527394,704.66
ALDI,51.4486373,-0.0177081,Supermarket,544.6669863635836,539.87
Lidl,51.4444705,-0.0190131,Supermarket,523.8835210138458,559.15
Hoo Hing,51.5367306,-0.2861733,Supermarket,750.2181665886142,1125.52
Tesco Express,51.5872897,-0.0370028,Supermarket,287.84695970453873,344.89
Iceland,51.4620443,-0.1385808,Supermarket,768.5797307368798,1038.51
Sainsbury's,51.375806,-0.1178049,Supermarket,819.4902976425917,1130.5
Tesco Extra,51.4945242,-0.0459196,Supermarket,946.1786686085609,951.17
Loon Fung,51.5370922,-0.3019762,Supermarket,507.1807850001717,585.52
Iceland,51.5560807,-0.3367303,Supermarket,765.3531204956092,1071.1
Lidl,51.4211224,0.0210736,Supermarket,621.8570710888771,704.76
Lidl,51.4926607,0.0659963,Supermarket,494.0668649516801,512.96
Lidl,51.3878143,-0.0967704,Supermarket,828.0700888917795,935.43
Asda,51.484681,-0.0699709,Supermarket,941.2857960661757,1571.73
Lidl,51.6142495,-0.0652236,Supermarket,323.14519272668497,432.07
Sainsbury's,51.4560935,0.0101011,Supermarket,539.7968188755068,680.84
Co-op Food,51.4511525,-0.0064696,Supermarket,524.1678867058804,582.96
Morrisons Daily,51.4452764,-0.0074579,Supermarket,519.9168828398678,897.34
Sainsbury's,51.6170729,-0.3110331,Supermarket,475.6134985959845,593.42
Waitrose,51.6053469,-0.3395671,Supermarket,454.54577451277265,460.69
Lidl,51.6182912,-0.3085644,Supermarket,460.1635977836326,539.29
Yasar Halim,51.5809754,-0.0996795,Supermarket,255.79641277402513,262.34
Asda,51.5577584,-0.360861,Supermarket,468.1811038233864,628.09
Waitrose,51.5917627,-0.1424339,Supermarket,249.62780822974435,283.89
Aldi,51.592105,-0.1426083,Supermarket,252.7174316120993,298.55
Sainsbury's,51.5386902,-0.3032797,Supermarket,503.4847960488123,669.23
Morrisons,51.4874996,-0.0959149,Supermarket,940.1729947711094,1042.28
Co-op Food,51.4782708,-0.1027616,Supermarket,965.3062864605521,1490.87
Londis,51.4503055,-0.1989591,Supermarket,1084.2193179440644,1354.99
Haran Bros,51.3834688,-0.1082531,Supermarket,834.7038551221287,902.35
Best Foods Supermarket,51.3837357,-0.108586,Supermarket,833.2418908586316,904.49
Tesco,51.6081083,-0.0024801,Supermarket,286.5125773587736,269.73
M&S Food,51.5475842,-0.055482,Supermarket,449.76229723845717,571.37
Kenninghall Food & Wine,51.558658,-0.0632151,Supermarket,449.8755731539122,514.94
Asda,51.5941032,-0.2611865,Supermarket,507.1590229701443,626.29
Sainsbury's,51.6117303,-0.2758021,Supermarket,635.3197179907835,860.42
Lidl,51.6096649,-0.2788373,Supermarket,479.46274559405276,545.1
ALDI,51.5852359,-0.2799051,Supermarket,502.7332786754962,542.83
Waitrose,51.6534088,-0.0924662,Supermarket,319.46798750278094,378.38
V.B. & Sons,51.5446513,-0.2967261,Supermarket,494.78104718434855,658.53
ALDI,51.5476627,-0.0752219,Supermarket,449.5234369914395,402.15
Grace Afro-Caribbean Supermarket,51.3860513,-0.110743,Supermarket,825.1615501804813,846.63
Family Choice,51.3850606,-0.1098655,Supermarket,823.641701751275,952.69
Sainsbury's,51.4911032,0.0636073,Supermarket,493.087525254531,704.96
Co-op Food,51.4804487,0.080801,Supermarket,475.92276365863904,628.63
Tesco,51.4616233,0.1099668,Supermarket,264.1834437867827,277.81
Morrisons,51.4626063,0.1101912,Supermarket,268.82016759672547,320.18
Lidl,51.5574886,-0.118016,Supermarket,766.8108566852823,707.97
Enfield Food Hall,51.6461417,-0.0471584,Supermarket,320.44192779849794,422.81
Ponders End Food Centre,51.6446083,-0.0466674,Supermarket,333.2838070395125,319.84
The Valley,51.5421986,-0.1980041,Supermarket,1626.127557325888,1798.74
Morrisons,51.5430998,0.0050594,Supermarket,627.175545751719,890.55
Asda,51.5948423,-0.3356819,Supermarket,470.4465263727777,610.11
Tariq Supermarket,51.5934479,-0.3348613,Supermarket,478.38312007906353,611.61
Mleczko,51.5824834,-0.315633,Supermarket,508.17307505121653,662.43
Mleczko,51.5824678,-0.315639,Supermarket,503.7443845129417,819.26
Polmar,51.5529214,-0.2963173,Supermarket,497.8396956529992,774.61
Mieszko Food City,51.5559214,-0.3368051,Supermarket,765.8261756835323,1195.04
Waitrose,51.4990007,-0.1568362,Supermarket,1644.5831081892645,2151.2
Tesco,51.5156275,-0.4772941,Supermarket,971.0675551115692,1485.59
Phoomi Supermarket,51.3834928,-0.108364,Supermarket,837.6571140750914,804.18
Tesco Extra,51.5664217,0.1118906,Supermarket,281.2924684102697,273.51
Tesco,51.5367555,-0.2466033,Supermarket,510.7038470370671,474.5
Lidl,51.5359383,0.0814453,Supermarket,245.52985431973818,346.25
Tesco,51.536412,0.0708239,Supermarket,261.27267048475363,294.38
Tesco,51.5688998,-0.1121568,Supermarket,744.4113744862416,883.38
Co-op Food,51.4813611,0.0698559,Supermarket,478.883644368423,410.63
Zaman Brothers Cash and Carry,51.5180441,-0.071294,Supermarket,1194.6896193120697,1396.28
Taj Stores,51.5199569,-0.0716825,Supermarket,1187.709460417096,1024.96
The Co-operative Food,51.5249647,-0.2025325,Supermarket,1637.2958544489525,1421.1
Tesco,51.5429708,-0.0477593,Supermarket,448.2860594337317,418.2
Londis,51.442904,-0.3510918,Supermarket,522.5089939398534,604.39
Tesco,51.5847248,-0.0713761,Supermarket,251.01127601185425,369.43
Lidl,51.4354389,-0.350552,Supermarket,534.3992301045633,558.45
Asda,51.488723,0.0222825,Supermarket,486.21050286586495,525.38
Tesco,51.4257429,-0.3385908,Supermarket,528.8117076180172,474.51
Co-op Food,51.4104157,-0.1232615,Supermarket,826.8257980565842,1094.05
Tian Tian Market,51.5242161,-0.1239966,Supermarket,1639.4387807355617,1631.55
Waitrose,51.5562291,0.2530892,Supermarket,237.2462201229917,305.57
JUSTin GREEN,51.352964,-0.0978043,Supermarket,845.5072734790328,964.92
ALDI,51.5960514,-0.0679596,Supermarket,261.0394162036254,385.42
M&S Simply Food,51.4276089,-0.3292356,Supermarket,520.8314025492747,719.41
Lidl,51.4735014,-0.120763,Supermarket,768.5597766849776,1190.34
Lidl,51.4592404,-0.1238887,Supermarket,764.5375564737025,794.76
Yasar Halim,51.6230257,-0.1033167,Supermarket,316.92067755769637,430.18
Despina's Food Store,51.6166175,-0.1402103,Supermarket,315.5766163753395,378.72
Akin,51.6225494,-0.0616551,Supermarket,319.7564380008102,412.15
Around the Clock 24 hour Off License,51.5431541,-0.199897,Supermarket,503.5430972154479,742.59
ALDI,51.443539,-0.1521296,Supermarket,1066.7686966547412,1209.29
Tesco,51.5338273,-0.3188847,Supermarket,772.9933412242508,1188.92
V.B. & Sons,51.5291552,-0.3544345,Supermarket,755.4939248137379,783.98
Aldi,51.5564394,0.2485478,Supermarket,238.25469967355056,367.25
ALDI,51.5232606,0.0704605,Supermarket,621.9204151171897,791.03
Tesco,51.3990539,-0.0996571,Supermarket,839.4405522094736,987.75
Kopernik,51.5312266,-0.3504428,Supermarket,775.7957118088887,1031.25
Waitrose,51.5130086,-0.3214027,Supermarket,761.0412438034455,1301.61
M&S Simply Food,51.5138405,-0.0948827,Supermarket,37.079585809598555,37.76
West Norword Co-op,51.4343561,-0.1034777,Supermarket,773.7010695044388,900.93
Waitrose,51.3219842,-0.1371753,Supermarket,825.534509549941,628.11
Lidl,51.5105608,-0.3729394,Supermarket,765.7942266040035,612.92
Co-operative Food,51.4502874,-0.190109,Supermarket,1073.5013984099867,1381.27
Co-op Food,51.630765,0.0020973,Supermarket,276.42219782491645,290.13
EGE Food Centre,51.6119051,-0.0733676,Supermarket,316.6116741483144,315.95
ALDI,51.4675782,-0.3722241,Supermarket,597.2775097668808,626.8
M&S Foodhall,51.6121528,-0.1429422,Supermarket,614.6367793455781,705.74
Noor,51.5183796,-0.1674246,Supermarket,1622.1425220515148,1545.19
Lidl,51.6036294,0.084773,Supermarket,282.931825443486,335.56
Sainsbury's,51.4674656,-0.1872897,Supermarket,902.7800854915803,1123.28
ALDI,51.654469,-0.0566168,Supermarket,315.3495150631421,404.46
Sainsbury's,51.4151724,-0.1815585,Supermarket,424.56175186481227,555.74
Waitrose,51.4155866,-0.3736618,Supermarket,524.6993317224054,592.29
Nilsa Supermarket,51.5133261,-0.0632013,Supermarket,1186.6727831905396,1471.24
Figs & Grain,51.5361372,-0.0622965,Supermarket,455.25414334039937,482.44
Planet Organic,51.5364976,-0.0616632,Supermarket,439.402031348448,467.74
Londis,51.4731451,0.1413684,Supermarket,266.67516586576,295.08
Hoxton Fruit,51.5492408,-0.0547591,Supermarket,453.22636982595975,636.11
Kings Meat & Groceries,51.549358,-0.0547571,Supermarket,444.8975121147418,450.03
Unnamed,51.5494388,-0.054682,Supermarket,462.8696323312047,419.87
Amazon Fresh,51.543823,-0.1519642,Supermarket,1629.1408022892801,2284.68
Budgens,51.4747886,-0.2005067,Supermarket,909.1250484964214,993.15
M&S Simply Food,51.5178913,-0.0831673,Supermarket,34.735096623524846,58.21
ALDI,51.3209485,-0.1377026,Supermarket,824.5500226367081,861.39
Asda,51.4575616,0.1425491,Supermarket,268.08860512748066,308.37
Hootch Supermarket,51.5503555,-0.0748454,Supermarket,440.3387645620839,375.59
Co-Op,51.4691991,0.1224362,Supermarket,268.0406255022081,319.02
Mediterranean,51.445118,-0.3350863,Supermarket,523.7531108328856,668.55
Co-op Food,51.4267205,0.0456983,Supermarket,636.662694994918,857.74
Turkish Food Centre,51.6125946,-0.1091137,Supermarket,321.6815978540766,435.96
ASDA Wembley Superstore,51.5646546,-0.275839,Supermarket,501.6045293465176,586.6
M&S Simply Food,51.5336505,-0.2037571,Supermarket,496.7741420380949,720.18
Co-op Food,51.509534,-0.0633807,Supermarket,1203.1156715288525,1497.64
The Community Larder,51.6072965,-6.99e-05,Supermarket,270.1117064182479,357.36
Lidl,51.515784,0.0542962,Supermarket,616.8635430476231,756.22
Grape Tree,51.4604219,-0.3054087,Supermarket,515.2040827692815,628.15
Peacock Food & Wine,51.4421722,-0.033058,Supermarket,538.2550262669964,630.61
Lidl,51.4897211,-0.0438226,Supermarket,526.341921855873,696.18
Lidl,51.396794,-0.1164067,Supermarket,825.9517292155812,1129.18
Best Price,51.5285545,-0.216186,Supermarket,505.5480533916676,684.94
Iceland,51.5749036,-0.0129294,Supermarket,273.1762338899092,337.44
Lidl,51.4522073,-0.3583686,Supermarket,518.145864733893,639.43
Sainsbury's,51.4929216,-0.1410425,Supermarket,1636.3265988286155,1856.98
Longdan,51.538523,-0.1434347,Supermarket,1640.668849729584,2148.33
Whole Foods Market,51.5379032,-0.1443269,Supermarket,1639.6484190873293,1460.6
Happy Food Centre,51.5768305,-0.0115429,Supermarket,278.2763459356006,249.87
Lidl,51.4558354,0.1522222,Supermarket,269.0101756290889,304.49
ALDI,51.5374308,-0.1420902,Supermarket,1604.4272972588356,2278.92
ALDI,51.6130239,-0.0323105,Supermarket,283.00183953927257,386.31
Sainsbury's,51.5339592,0.0527634,Supermarket,627.5176826140747,724.44
Yours Locally,51.541156,-0.0759823,Supermarket,455.706974089273,507.65
Sainsbury's,51.4210442,-0.2090106,Supermarket,431.13908120410105,511.43
Morrisons,51.5935422,-0.260413,Supermarket,514.7515458600632,700.09
Supermart,51.6069893,-0.0015487,Supermarket,276.45114363428365,410.76
Lidl,51.4112396,-0.1390841,Supermarket,426.7156697561794,549.14
Vicky's Oriental Supermarket,51.5418608,-0.1987226,Supermarket,500.3135247441559,456.08
The Grocery Post,51.5763269,-0.144445,Supermarket,251.11576281026066,309.41
Sainsbury's,51.593358,-0.3807717,Supermarket,462.7131429446919,585.2
Sainsbury's,51.480739,-0.1281414,Supermarket,765.8038157285004,940.58
The Continental Food Exchange,51.5633598,0.009426,Supermarket,269.58036527309724,330.82
Sainsbury's,51.3684508,-0.1968355,Supermarket,468.8204792725661,522.99
Co-op Food,51.4820017,0.0369966,Supermarket,488.6990739464944,480.42
M&S Foodhall,51.5148952,-0.0835363,Supermarket,42.27652330323855,65.97
ALDI,51.4507516,0.1781946,Supermarket,267.90905497110924,248.26
Co-op Food,51.4484894,0.0134251,Supermarket,520.3022932951958,788.56
Aldi,51.5060948,0.1062132,Supermarket,490.19701552648775,586.94
Welcome Newhurst,51.3891579,-0.0889643,Supermarket,830.0850607793618,1049.07
World Foods k-superstore,51.563025,-0.0585917,Supermarket,447.1805333032705,612.19
ALDI,51.4317171,-0.0351457,Supermarket,531.6479001999553,761.77
Savers,51.5512629,0.1983689,Supermarket,230.1211516016139,243.18
Al-Nour Supermarket,51.4527289,-0.3583422,Supermarket,524.6589024497515,670.92
Co-op Food,51.5160779,0.0092658,Supermarket,624.4312574853169,709.11
Lidl,51.3753248,-0.0125625,Supermarket,629.3899885377796,538.26
Sainsbury's,51.4928555,0.1203781,Supermarket,484.0664351792123,466.15
BMP Star Supermarket,51.4365782,0.0455233,Supermarket,481.8882912222943,552.49
ALDI,51.5816449,0.1633018,Supermarket,236.22939535639705,339.24
M&S Foodhall,51.4734185,-0.2502359,Supermarket,525.1062250301268,527.92
Bharat Food Store,51.5389308,0.0334433,Supermarket,628.4143718217953,773.33
MK Stores,51.5521554,0.005888,Supermarket,268.85814299852206,295.04
Simge Food Centre,51.5534224,0.0054313,Supermarket,266.7711588514832,351.17
YDL Food Centre,51.5544277,0.0054265,Supermarket,273.93720251531744,318.88
Lidl,51.4728405,-0.093564,Supermarket,938.8644906484761,1054.48
Amy's Kerala Supermarket,51.3848467,-0.1096587,Supermarket,833.6288080025699,1078.5
M&S Foodhall,51.594884,-0.3816844,Supermarket,474.98585779176943,540.72
Kujawiak,51.5098522,-0.3246161,Supermarket,768.9955099619408,1022.16
The Co-operative Food,51.4654605,0.1465393,Supermarket,261.51459941849447,209.83
Lidl,51.3606731,-0.3103095,Supermarket,498.28037996968214,425.12
Lidl,51.5086401,-0.4200989,Supermarket,978.3619150297399,1181.97
Asda,51.5009976,-0.4251742,Supermarket,971.1572578309174,921.48
Loon Fung,51.5927091,-0.258849,Supermarket,502.32069956488556,722.94
Nisa Local,51.615541,-0.0177637,Supermarket,277.38598961108005,317.29
Sainsbury's,51.4543621,-0.1917191,Supermarket,1060.2949934851135,1037.93
EU Food Shop,51.6203864,-0.0167774,Supermarket,272.1587402982041,272.19
Akdeniz Supermarket,51.6183429,-0.0176954,Supermarket,270.0699809822491,398.26
Lidl,51.5189695,-0.4096418,Supermarket,964.8192876691577,1259.07
Londis,51.6079003,0.0002366,Supermarket,269.77149535507147,387.75
Meg’s Food And Wine,51.6072347,0.0008797,Supermarket,277.8078584498682,285.51
Ivy Organics,51.6152425,-0.017628,Supermarket,274.53138254358623,315.46
Food Plus,51.6162065,-0.0170924,Supermarket,269.655849972238,297.7
Star Express,51.6156789,-0.0171704,Supermarket,273.04972460991,224.07
Chingford Food Centre,51.6083474,-0.0173019,Supermarket,265.67759257511227,329.64
Brothers Supermarket,51.6103143,-0.0181992,Supermarket,270.41965265884545,325.98
Beydagi Food Centre,51.568411,-0.0311568,Supermarket,285.51728715524894,233.16
Asda,51.4915408,0.1549249,Supermarket,266.4637527249626,266.95
Tesco Extra,51.4009894,-0.2410056,Supermarket,428.64354353479763,529.66
Asda,51.5585942,-0.4001047,Supermarket,974.4733143155781,1266.72
Postoivoru,51.5465532,0.0067747,Supermarket,627.8828057335502,707.8
Co-op Food,51.4207546,-0.3189709,Supermarket,527.8468281403254,628.66
Asda,51.5221122,-0.0500942,Supermarket,1172.4580357962857,1798.59
Lidl,51.5521032,0.1134831,Supermarket,249.39545798949032,294.22
Huong Viet,51.4425213,-0.4124158,Supermarket,608.7446257363295,857.54
Al Noor,51.5166294,-0.1879302,Supermarket,1616.563983774562,1658.69
Sainsbury's,51.4618052,-0.0125928,Supermarket,525.9957888065968,508.83
Sainsbury's,51.5569954,-0.3960864,Supermarket,972.081605111507,1202.11
Brasilerio,51.4504405,-0.3576171,Supermarket,524.9956411685246,697.8
Nisa Extra,51.4730291,0.1620982,Supermarket,269.6420022522291,334.39
Jay's Budgens,51.4536341,-0.0383095,Supermarket,539.3479406171937,817.26
Asda,51.3854425,-0.2111949,Supermarket,473.31398661254144,703.8
Amazon Fresh,51.506055,-0.1004558,Supermarket,952.2442743952104,1235.4
Whole Foods Market,51.5016646,-0.1904001,Supermarket,724.8009680412374,884.23
Lidl,51.6064951,-0.3392323,Supermarket,473.37974152469025,588.15
Lidl,51.4003002,-0.2538272,Supermarket,493.7676213169987,585.75
Waitrose,51.6111681,-0.4243172,Supermarket,1000.0674226687063,1154.81
Waitrose,51.4987883,-0.1979728,Supermarket,729.1172495059693,926.22
Waitrose,51.4945866,-0.1839139,Supermarket,712.7384554516609,965.65
Co-op Food,51.4399711,-0.1066983,Supermarket,775.4507311367039,873.35
Costcutter,51.5199989,0.2001697,Supermarket,242.58575674032022,217.17
Sainsbury's,51.6457125,-0.1110181,Supermarket,316.7593464266168,284.54
ALDI,51.5975929,0.1578546,Supermarket,239.69916404466585,300.95
Lidl,51.605772,0.2243121,Supermarket,241.51772861320438,272.1
Sainsbury's,51.5719354,0.1345753,Supermarket,244.48043923478667,299.38
Chats Organic,51.5517374,-0.0435714,Supermarket,447.57216860824917,457.0
Hoo Hing,51.5680802,0.1367223,Supermarket,254.1528937837296,275.76
Lidl,51.569847,0.1218267,Supermarket,282.4283574708841,335.79
Hertford Supermarket,51.6582875,-0.0474874,Supermarket,322.9372143124584,395.96
Enfield Pound+/EViM,51.6587711,-0.0474117,Supermarket,316.9827466620525,408.32
Afromart,51.656872,-0.047614,Supermarket,316.10094860978427,532.15
Metro Food Centre,51.6470501,-0.047163,Supermarket,306.464160171407,308.22
New African Supermarket,51.647477,-0.0469517,Supermarket,311.2702770703487,341.21
Phoenicia Mediterranean Food Hall,51.5476181,-0.1411463,Supermarket,1627.6803612004298,1784.31
Earth Natural Foods,51.5478923,-0.1409706,Supermarket,1637.5978083236505,2396.73
Brecknock Supermarket,51.5500797,-0.130705,Supermarket,1633.85555433672,1994.68
Londis,51.5325892,0.0911365,Supermarket,248.9093674786686,360.74
Davina Supermarket,51.5446091,0.0258601,Supermarket,622.981233679702,737.73
Greenland Supermarket,51.5465788,0.0248112,Supermarket,626.8471343054529,829.78
Asona Ba,51.5465507,0.0240658,Supermarket,625.7483779781367,911.9
Woodgrange Supermarket,51.5469665,0.0252563,Supermarket,636.2350620077704,659.75
Pascheal Exotics,51.545098,0.0258039,Supermarket,626.2878363387508,813.13
Lidl,51.5207947,0.0694565,Supermarket,613.4185046557807,600.32
Adonis Supermarket,51.5481652,-0.0475062,Supermarket,443.06806847558977,539.9
Sainsbury's Local,51.3768559,-0.2387025,Supermarket,480.3008709280588,558.96
Costcutter,51.5164919,-0.2338411,Supermarket,883.2643880865219,976.93
Spar,51.3838696,-0.0773896,Supermarket,839.8067670644309,1066.56
Budgens,51.3838329,-0.0775532,Supermarket,830.3808432989928,1051.17
Lidl,51.4558466,-0.3105933,Supermarket,521.822270743597,646.52
Eesa,51.610513,-0.0176627,Supermarket,273.5575487809033,377.33
Co-op Food,51.6048858,-0.481957,Supermarket,987.1809522943241,1567.27
Avenue Food And Wine,51.6088682,0.0001898,Supermarket,273.25009045545994,277.65
Oltenia Traditional Romanian Shop,51.6175126,-0.0185685,Supermarket,274.0855074533538,368.71
ChingFood,51.6175312,-0.0180298,Supermarket,266.2432067839651,365.62
Hugs & Mugs,51.6172393,-0.0184458,Supermarket,275.3424348748186,302.07
Jerk Spice,51.6188992,-0.0175666,Supermarket,277.04106104055813,342.19
Lidl,51.5386766,0.0520122,Supermarket,627.0208084314794,649.11
Gülüzar Hatch Lane Food Centre,51.6185303,0.0040603,Supermarket,281.58076016395205,343.85
Londis,51.4695993,-0.3967057,Supermarket,596.9761250582319,699.96
Sham Land,51.5065467,-0.2329374,Supermarket,897.1674163821696,845.82
Al-Madinah,51.5061295,-0.2313954,Supermarket,909.9298284278964,1198.36
Damas Gate,51.5061511,-0.2315943,Supermarket,879.6815853874888,1383.67
Lidl,51.3680622,0.0560194,Supermarket,624.9959919567128,539.74
Co-op Food,51.5031186,-0.2434603,Supermarket,907.8271193011574,910.84
M&S Foodhall,51.583365,-0.1991651,Supermarket,631.0930499445866,931.59
Lidl,51.5635592,0.1456491,Supermarket,252.93884640880015,240.62
Tesco,51.4976968,-0.2239632,Supermarket,902.2143406675126,791.59
Olympia Foods,51.4973741,-0.2157551,Supermarket,897.4330504584758,944.3
New Loon Moon Supermarket,51.5120506,-0.1307182,Supermarket,1647.519808330134,2709.93
Loon Fung Supermarket,51.5118969,-0.130337,Supermarket,1631.5280364741911,1822.28
SeeWoo,51.5116586,-0.1304802,Supermarket,1629.7693260409428,1385.93
Sainsbury's,51.4931849,-0.2290249,Supermarket,895.8432650459501,1034.71
Da Food Island,51.5845826,-0.2480163,Supermarket,625.2231369074096,650.32
Costcutter,51.5416745,0.0231444,Supermarket,615.9820240100062,818.77
Desi Supermarket,51.4579708,-0.3627002,Supermarket,602.5024204457035,744.28
Unnamed,51.5222679,-0.173038,Supermarket,1625.0463384785608,1415.83
Farah,51.5222679,-0.173038,Supermarket,1649.9471682747721,1976.29
Lidl,51.4643417,-0.2156451,Supermarket,1069.7272789777926,973.96
Waitrose,51.4640379,-0.2166998,Supermarket,1074.8650501020438,1229.55
The Source Bulk Foods,51.4620824,-0.2162287,Supermarket,1073.0614806954632,1558.46
Soni Cash & Carry,51.538565,0.033717,Supermarket,620.1840231054147,715.0
Aladdins Mahal,51.5373613,0.0357784,Supermarket,632.974346006376,545.97
Co-op Food,51.4039676,0.1057393,Supermarket,643.7142835884332,877.02
Hilal Food Center,51.5450198,-0.2014234,Supermarket,1626.8915061511184,1422.8
Co-op Food,51.4744644,-0.0218691,Supermarket,479.3351448843495,648.32
Quality Foods - Hounslow,51.4672586,-0.3677592,Supermarket,593.807877039677,729.36
Lidl,51.4677408,-0.3708025,Supermarket,581.9340308037029,582.97
Sainsbury's,51.5900209,-0.1451455,Supermarket,250.05924665834155,344.9
Peweks,51.4603979,-0.3628339,Supermarket,598.4886253469072,896.49
Atari-Ya Food,51.5882721,-0.2000637,Supermarket,632.029916907699,663.39
Sainsbury's,51.58155,0.0872921,Supermarket,285.07000442286943,335.58
ALDI,51.5750328,0.0844368,Supermarket,277.7861333689873,320.02
Haelan Organic Health Store,51.5868538,-0.1335238,Supermarket,249.56325770127214,390.9
Krishna's,51.3780923,0.1007323,Supermarket,637.5208752595556,888.84
Aldi,51.6116085,-0.1378495,Supermarket,316.7522266174863,244.6
Lidl,51.3596495,-0.1506133,Supermarket,466.3938228383775,453.51
Co-op Food,51.4820307,0.1451442,Supermarket,274.1244839996606,287.64
Carsi Food Centre,51.60583,-0.1112312,Supermarket,256.14777605262935,244.11
Lidl,51.4370931,0.0428527,Supermarket,628.758990588057,630.79
Lidl,51.4190816,0.1199973,Supermarket,263.862232855415,358.16
Lidl,51.5242974,-0.1373422,Supermarket,1601.417048944737,2158.5
Waitrose,51.4542356,-0.1937969,Supermarket,1076.6113950787703,1097.91
Lidl,51.3992315,0.1122645,Supermarket,621.5031390000529,731.09
Maryland Supermarket,51.5463257,0.0052436,Supermarket,609.6116273774657,546.29
Euromix,51.5481249,0.0053701,Supermarket,637.6604093318425,895.71
West Food Store,51.4737045,-0.3898651,Supermarket,601.5546861052517,781.18
First Food Fayre Apna Super Store,51.4736006,-0.3894941,Supermarket,587.7526823602203,634.97
Best Foods Hounslow,51.4734977,-0.3891309,Supermarket,587.1703706236349,604.24
Sadda Superstore,51.4733868,-0.3887355,Supermarket,603.2770169750969,604.14
Unnamed,51.4918366,-0.3809419,Supermarket,589.7688491367014,808.94
M&S Food,51.4424702,-0.1892903,Supermarket,1083.9206733422054,1486.41
Lidl,51.3737833,-0.1037042,Supermarket,838.4557781001439,1059.78
Lidl,51.5143068,-0.0286319,Supermarket,1190.3199848205588,1370.51
Lidl,51.4918959,-0.0833523,Supermarket,956.8003956723187,1196.56
Simple Fresh Fruit and Vegetables,51.5599449,0.0772248,Supermarket,281.00304470075497,310.27
Co-op Food,51.552413,-0.141351,Supermarket,1638.3115407591322,1478.91
Co-op Food,51.5773063,0.2079467,Supermarket,233.94338434263673,348.83
Tesco Express,51.5716486,0.2186885,Supermarket,236.56768591205056,346.84
Tesco Express,51.3939921,-0.0675775,Supermarket,839.6922284695661,1209.16
Lidl,51.5483032,0.0247266,Supermarket,629.5812873866565,597.39
M&S Foodhall,51.5538131,-0.1651135,Supermarket,1611.8371013037158,2086.43
Food Centre,51.5937151,-0.0980005,Supermarket,248.44320227927608,334.83
Co-op Food,51.5775868,0.0270061,Supermarket,281.3276865239097,316.27
Waitrose,51.5193524,-0.1521071,Supermarket,1621.5060766867366,1792.17
Sainsbury's,51.461915,-0.0849808,Supermarket,970.1731584438493,1352.85
Asda,51.5659366,0.1431825,Supermarket,247.58600401245837,251.6
Waitrose,51.6113998,-0.1799571,Supermarket,622.4188850095829,829.47
3food4u,51.5923695,-0.0697955,Foodbank,0.0,
3food4u,51.5860791,-0.08582540000000001,Foodbank,0.0,
AFRIL,51.4541415,0.0219681,Foodbank,0.0,
Arc Centre,51.5359273,-0.0959911,Foodbank,6.0,
AY Group,51.48525619999999,-0.2017155,Foodbank,5.0,
Barking,51.56826299999999,0.1402502,Foodbank,14.0,
Barking,51.5753341,0.1395997,Foodbank,14.0,
Barking,51.536153,0.0805663,Foodbank,0.0,
Bexley,51.4455181,0.0847508,Foodbank,43.0,
Bexley,51.4281766,0.1018634,Foodbank,0.0,
Bexley,51.4791741,0.1799065,Foodbank,0.0,
Bexley,51.4574187,0.1391492,Foodbank,0.0,
Bounds Green,51.59974589999999,-0.1137402,Foodbank,12.0,
Bow,51.5321714,-0.0309119,Foodbank,0.0,
Brent,51.5496009,-0.2492455,Foodbank,211.0,
Brent,51.5838988,-0.2834115,Foodbank,0.0,
Bromley Borough,51.3718841,0.09336839999999999,Foodbank,154.0,
Bromley Borough,51.4039467,0.0185272,Foodbank,0.0,
Bromley Borough,51.37753590000001,0.1018897,Foodbank,154.0,
Bromley Borough,51.395672,0.10749,Foodbank,0.0,
Bromley Borough,51.415004,-0.0547709,Foodbank,0.0,
Camden,51.5371453,-0.1404591,Foodbank,0.0,
Castlehaven,51.5431396,-0.1426271,Foodbank,0.0,
CEYP,51.4504122,0.05786310000000001,Foodbank,0.0,
Chapters,51.56712779999999,0.1104231,Foodbank,0.0,
Chipping Barnet,51.6480141,-0.1758702,Foodbank,20.0,
Churches,51.5477115,0.001064,Foodbank,0.0,
Churches,51.5468726,0.0285214,Foodbank,0.0,
Colindale,51.5896908,-0.2491029,Foodbank,69.0,
Collier Row & Romford,51.58088559999999,0.1858696,Foodbank,0.0,
Collier Row & Romford,51.5803964,0.1820934,Foodbank,0.0,
Collier Row & Romford,51.59882529999999,0.1602837,Foodbank,0.0,
Copenhagen Street,51.5368712,-0.11747,Foodbank,0.0,
Covent Garden,51.5166471,-0.1225173,Foodbank,32.0,
Dad's House,51.4868421,-0.1975274,Foodbank,0.0,
Dagenham,51.5289556,0.1547146,Foodbank,0.0,
Dagenham,51.53618489999999,0.151322,Foodbank,0.0,
Dagenham,51.5399597,0.1656691,Foodbank,0.0,
Dons Local Action Group,51.43153969999999,-0.1866871,Foodbank,4.0,
Ealing,51.5095106,-0.320034,Foodbank,162.0,
Ealing,51.5079222,-0.2732981,Foodbank,0.0,
Ealing,51.509356,-0.3349394,Foodbank,0.0,
Ealing,51.550495,-0.3528343,Foodbank,0.0,
Ealing,51.536109,-0.3097596,Foodbank,0.0,
Ealing,51.5037701,-0.3805488,Foodbank,0.0,
Ealing,51.52166829999999,-0.3783523,Foodbank,0.0,
Earlsfield,51.440259,-0.1864904,Foodbank,46.0,
Eat Or Heat,51.5881634,-0.0211087,Foodbank,35.0,
Elizabeth House,51.5597074,-0.09908059999999999,Foodbank,6.0,
Enfield,51.6263339,-0.0809705,Foodbank,0.0,
Euston,51.5303781,-0.1325498,Foodbank,6.0,
Felix Multibank,51.5414571,-0.359451,Foodbank,0.0,
Feltham,51.45394169999999,-0.4041737,Foodbank,8.0,
Finchley,51.592468,-0.1664342,Foodbank,0.0,
Food Relief,51.4007839,-0.1962699,Foodbank,26.0,
Granville Community Kitchen,51.53271549999999,-0.197372,Foodbank,0.0,
Greenwich,51.468081,0.0694322,Foodbank,6.0,
Greenwich,51.4775901,0.0330132,Foodbank,0.0,
Greenwich,51.4308388,0.05833,Foodbank,0.0,
Greenwich,51.4853144,0.0049131,Foodbank,0.0,
Greenwich,51.4526699,0.0517935,Foodbank,0.0,
Greenwich,51.4698968,0.0237675,Foodbank,0.0,
Greenwich,51.4896774,0.0847463,Foodbank,0.0,
Greenwich,51.4737208,0.01589,Foodbank,0.0,
Greenwich,51.4979427,0.1297379,Foodbank,0.0,
Greenwich,51.4883094,0.0667899,Foodbank,0.0,
Hackney,51.55020680000001,-0.0343846,Foodbank,133.0,
Hackney,51.5468954,-0.0815852,Foodbank,0.0,
Hackney,51.54213499999999,-0.071475,Foodbank,0.0,
Hackney,51.5608082,-0.08474659999999999,Foodbank,0.0,
Hackney,51.5701966,-0.05472639999999999,Foodbank,0.0,
Hammersmith & Fulham,51.4688764,-0.1905366,Foodbank,42.0,
Hammersmith & Fulham,51.514613,-0.2429761,Foodbank,0.0,
Hammersmith & Fulham,51.512445,-0.2305975,Foodbank,0.0,
Hammersmith & Fulham,51.5021287,-0.2200076,Foodbank,0.0,
Harold Hill,51.5981777,0.2198539,Foodbank,30.0,
Harrow,51.588673,-0.3287718,Foodbank,664.0,
Harrow,51.5946154,-0.3355507,Foodbank,664.0,
Harrow,51.586029,-0.3080007,Foodbank,0.0,
Harrow,51.5781583,-0.367364,Foodbank,0.0,
Harrow,51.5636698,-0.3550665,Foodbank,0.0,
Highway Vineyard Church,51.5429125,0.0104052,Foodbank,0.0,
Highway Vineyard Church,51.547338,0.0642927,Foodbank,0.0,
Hillingdon,51.5445331,-0.4824604,Foodbank,10.0,
Hillingdon,51.494216,-0.417158,Foodbank,0.0,
Hillingdon,51.523057,-0.399481,Foodbank,0.0,
Hillingdon,51.6086225,-0.4149273,Foodbank,0.0,
Hillingdon,51.597205,-0.410592,Foodbank,0.0,
Hillingdon,51.5598899,-0.3986816,Foodbank,0.0,
Hillingdon,51.5458916,-0.479649,Foodbank,10.0,
Hillingdon,51.497674,-0.466266,Foodbank,0.0,
Holy Trinity,51.5752122,-0.1104248,Foodbank,18.0,
Hornsey,51.58466970000001,-0.1227118,Foodbank,4.0,
Hounslow Community FoodBox,51.4807,-0.3191899,Foodbank,32.0,
Islington,51.5508393,-0.1040395,Foodbank,7.0,
Kensington & Chelsea,51.5150198,-0.2139442,Foodbank,36.0,
Kentish Town,51.5461804,-0.1422244,Foodbank,0.0,
Kingston,51.391965,-0.3069841,Foodbank,0.0,
Kingston,51.409206,-0.304877,Foodbank,0.0,
Kingston,51.399948,-0.264607,Foodbank,0.0,
Kingston,51.3782037,-0.2833444,Foodbank,0.0,
Kingston,51.38863079999999,-0.2985524000000001,Foodbank,0.0,
Kingston,51.36252,-0.314401,Foodbank,0.0,
Lambeth South & Croydon,51.4382098,-0.1194779,Foodbank,197.0,
Lambeth South & Croydon,51.451426,-0.1206132,Foodbank,0.0,
Lambeth South & Croydon,51.3991421,-0.0929269,Foodbank,0.0,
Lambeth South & Croydon,51.4205907,-0.1286179,Foodbank,0.0,
Lambeth South & Croydon,51.48841969999999,-0.1190743,Foodbank,0.0,
Lambeth South & Croydon,51.4316724,-0.0903808,Foodbank,0.0,
Lewisham,51.42794319999999,-0.0112152,Foodbank,23.0,
Lewisham,51.4460211,-0.017136,Foodbank,0.0,
Lewisham,51.4803188,-0.0254715,Foodbank,0.0,
Lewisham,51.4282918,-0.0112839,Foodbank,23.0,
Lewisham,51.43497079999999,-0.0432624,Foodbank,0.0,
Lewisham,51.4607421,-0.009175899999999999,Foodbank,0.0,
Liberty,51.4109241,-0.1221567,Foodbank,0.0,
Lions Food Hub,51.4869877,-0.0523671,Foodbank,0.0,
Living Well Bromley,51.418704,-0.048895,Foodbank,0.0,
Maiden Lane,51.54171849999999,-0.1277499,Foodbank,0.0,
Melvin Hall Community Centre,51.4109217,-0.0569251,Foodbank,0.0,
Muswell Hill,51.59784819999999,-0.1514416,Foodbank,4.0,
My 2nd Chance,51.4657914,-0.0771526,Foodbank,0.0,
Newham,51.5158341,0.0556314,Foodbank,0.0,
Newham,51.517833,0.028342,Foodbank,0.0,
Newham,51.545906,0.049247,Foodbank,0.0,
Newham,51.5237275,0.0259284,Foodbank,0.0,
Newham,51.5008,0.058305,Foodbank,0.0,
Newham,51.52946,0.035145,Foodbank,0.0,
Newham District,51.5113043,0.0372513,Foodbank,10.0,
Newham District,51.5287728,0.0614995,Foodbank,0.0,
Newham District,51.500721,0.058342,Foodbank,0.0,
North Enfield,51.6444853,-0.0584274,Foodbank,154.0,
North Paddington,51.5247116,-0.1988594,Foodbank,0.0,
Pie N Mash,51.47423329999999,-0.04727199999999999,Foodbank,0.0,
Pie N Mash,51.477428,-0.024834,Foodbank,0.0,
Pie N Mash,51.473809,-0.069385,Foodbank,0.0,
Potters Bar,51.5513275,-0.0517568,Foodbank,0.0,
Purley,51.3401283,-0.115415,Foodbank,40.0,
Quex Road,51.5407388,-0.1938647,Foodbank,8.0,
Rainham,51.5287627,0.1699254,Foodbank,0.0,
Redbridge,51.5645184,0.0703049,Foodbank,13.0,
Redbridge,51.5618333,0.1096142,Foodbank,0.0,
Redbridge,51.6109278,0.104359,Foodbank,0.0,
Redbridge,51.5909513,0.029011,Foodbank,0.0,
Richmond,51.4575,-0.3036111,Foodbank,74.0,
Richmond,51.483657,-0.240922,Foodbank,0.0,
Richmond,51.4235359,-0.3769623,Foodbank,0.0,
Richmond,51.470215,-0.2581521,Foodbank,0.0,
Richmond,51.4335414,-0.3477238,Foodbank,0.0,
Richmond,51.4439703,-0.3644047,Foodbank,0.0,
Riverside Vineyard Storehouse,51.4430888,-0.4065699,Foodbank,58.0,
Rukhsana Khan Foundation,51.5877607,-0.0217847,Foodbank,0.0,
Salvation Army,51.46760510000001,-0.0898074,Foodbank,0.0,
Salvation Army,51.447977,-0.148807,Foodbank,0.0,
Salvation Army,51.534207,0.0864,Foodbank,0.0,
Salvation Army,51.520569,0.108853,Foodbank,0.0,
Salvation Army,51.45782,0.137386,Foodbank,0.0,
Salvation Army,51.402095,0.014821,Foodbank,0.0,
Salvation Army,51.476756,-0.091207,Foodbank,0.0,
Salvation Army,51.535787,-0.056915,Foodbank,0.0,
Salvation Army,51.544331,-0.153152,Foodbank,0.0,
Salvation Army,51.481814,-0.177927,Foodbank,0.0,
Salvation Army,51.553712,-0.053324,Foodbank,0.0,
Salvation Army,51.373582,-0.10724,Foodbank,0.0,
Salvation Army,51.509907,-0.323263,Foodbank,0.0,
Salvation Army,51.621123,-0.06217,Foodbank,0.0,
Salvation Army,51.44967,-0.41798,Foodbank,0.0,
Salvation Army,51.532255,-0.348798,Foodbank,0.0,
Salvation Army,51.536995,-0.24599,Foodbank,0.0,
Salvation Army,51.604092,0.236266,Foodbank,0.0,
Salvation Army,51.569274,-0.345465,Foodbank,0.0,
Salvation Army,51.508753,-0.416116,Foodbank,0.0,
Salvation Army,51.587311,-0.223569,Foodbank,0.0,
Salvation Army,51.53272,-0.451464,Foodbank,0.0,
Salvation Army,51.468336,-0.360191,Foodbank,0.0,
Salvation Army,51.5327743,-0.0868001,Foodbank,0.0,
Salvation Army,51.557873,0.072335,Foodbank,0.0,
Salvation Army,51.561084,0.00711,Foodbank,0.0,
Salvation Army,51.406606,-0.160475,Foodbank,0.0,
Salvation Army,51.34117,-0.009447,Foodbank,0.0,
Salvation Army,51.397959,-0.25357,Foodbank,0.0,
Salvation Army,51.5327743,-0.0868001,Foodbank,0.0,
Salvation Army,51.516312,-0.205549,Foodbank,0.0,
Salvation Army,51.465276,-0.063453,Foodbank,0.0,
Salvation Army,51.414509,-0.05513,Foodbank,0.0,
Salvation Army,51.511673,-0.015815,Foodbank,0.0,
Salvation Army,51.410506,-0.21966,Foodbank,0.0,
Salvation Army,51.514847,-0.143215,Foodbank,0.0,
Salvation Army,51.49663,-0.098949,Foodbank,0.0,
Salvation Army,51.495958,-0.102449,Foodbank,0.0,
Salvation Army,51.518515,-0.063646,Foodbank,0.0,
Salvation Army,51.384528,0.1106,Foodbank,0.0,
Salvation Army,51.5372575,0.002236,Foodbank,0.0,
Salvation Army,51.462182,0.108608,Foodbank,0.0,
Salvation Army,51.398825,-0.096138,Foodbank,0.0,
Salvation Army,51.417426,-0.082073,Foodbank,0.0,
Salvation Army,51.5431,-0.48128,Foodbank,0.0,
Salvation Army,51.5906492,-0.0210373,Foodbank,0.0,
Salvation Army,51.457966,-0.19185,Foodbank,0.0,
Salvation Army,51.462182,0.108608,Foodbank,0.0,
Salvation Army,51.437861,-0.106026,Foodbank,0.0,
Salvation Army,51.415417,-0.199196,Foodbank,0.0,
Salvation Army,51.591983,0.029031,Foodbank,0.0,
Salvation Army,51.593789,-0.105882,Foodbank,0.0,
Selby Centre,51.6073462,-0.0782709,Foodbank,0.0,
SLRA,51.4356497,-0.1246748,Foodbank,0.0,
Southgate Mosque,51.6295123,-0.1266619,Foodbank,0.0,
South Norwood Baptist,51.3995727,-0.07956750000000001,Foodbank,0.0,
Southwark,51.4740883,-0.0679916,Foodbank,71.0,
Southwark,51.4976862,-0.0816664,Foodbank,0.0,
Southwark,51.4940108,-0.0604298,Foodbank,0.0,
Southwark,51.4729159,-0.0624405,Foodbank,71.0,
Spring Community Hub,51.47085670000001,-0.0823029,Foodbank,0.0,
Spring Community Hub,51.4903645,-0.0970013,Foodbank,0.0,
Spring Community Hub,51.4847545,-0.06892540000000001,Foodbank,0.0,
Spring Community Hub,51.4850342,-0.1007567,Foodbank,0.0,
Spring Community Hub,51.47437679999999,-0.08632949999999999,Foodbank,0.0,
St Anselm,51.5052629,-0.4194649,Foodbank,0.0,
St John's,51.5655392,-0.1005937,Foodbank,0.0,
St Monica's,51.6243151,-0.102177,Foodbank,9.0,
St Paul's (Hounslow),51.4706552,-0.379586,Foodbank,43.0,
St Peter's Brockley,51.4650742,-0.0306318,Foodbank,55.0,
Sufra NW London,51.5488722,-0.2660904,Foodbank,0.0,
Sutton,51.3629295,-0.1725588,Foodbank,70.0,
Sutton,51.3796406,-0.1760844,Foodbank,0.0,
Sutton,51.3541091,-0.1263201,Foodbank,0.0,
Sutton,51.3575205,-0.141401,Foodbank,0.0,
Sutton,51.3665859,-0.1924413,Foodbank,0.0,
The Hive,51.5711884,-0.1230037,Foodbank,0.0,
Tottenham,51.5872187,-0.0725467,Foodbank,68.0,
Wandsworth,51.4604982,-0.1702023,Foodbank,225.0,
Wandsworth,51.4211688,-0.1457384,Foodbank,0.0,
Wandsworth,51.4517578,-0.2492764,Foodbank,0.0,
Wandsworth,51.4736196,-0.1547901,Foodbank,0.0,
Wandsworth,51.4496943,-0.2021583,Foodbank,0.0,
Wandsworth,51.455202,-0.2290289,Foodbank,0.0,
Waterloo,51.49819,-0.1118859,Foodbank,32.0,
Waterloo,51.5015382,-0.0929244,Foodbank,0.0,
We Care,51.4713868,-0.025283,Foodbank,0.0,
Westminster,51.49888499999999,-0.138101,Foodbank,0.0,
Whitefoot and Downham,51.43391279999999,0.0085617,Foodbank,0.0,
Wimbledon,51.4151858,-0.1966193,Foodbank,165.0,
Wimbledon,51.4039649,-0.1699289,Foodbank,0.0,
Wimbledon,51.41041870000001,-0.1592729,Foodbank,0.0,
Wimbledon,51.4016703,-0.1959354,Foodbank,0.0,
Wimbledon,51.4020494,-0.1349622,Foodbank,0.0,
Yiewsley & West Drayton,51.5130792,-0.4731710999999999,Foodbank,55.0,
Yiewsley & West Drayton,51.50168060000001,-0.4589180999999999,Foodbank,0.0,
Yiewsley & West Drayton,51.5282973,-0.4813055,Foodbank,0.0,
